comdad_id|comson_id
d1y361f|d1y5sr1
d1y361f|d1y8bcp
d1y361f|d1y8em2
d1y361f|d1ybydu
d1y361f|d1ybb6e
d1y361f|d1y6gep
d1y361f|d1ybngc
d1y361f|d1ybhg1
d1y361f|d1yb5ou
d1y361f|d1yb7qo
d1y361f|d1yb0a1
d1y361f|d1yb78c
d1y361f|d1ybfer
d1y361f|d1ybt40
d1y361f|d1ybyes
d1y361f|d1yc38e
d1y361f|d1yd1xp
d1y361f|d1ydkut
d1y361f|d1ydm4v
d1y361f|d1ye6f5
d1y361f|d1yezpe
d1y361f|d1yf14w
d1y361f|d1y8sii
d1y361f|d1ycvb7
d1y361f|d1yd6at
d1y361f|d1ydpu7
d1y361f|d1ydxde
d1y361f|d1ye3dr
d1y361f|d1ye79o
d1y361f|d1ye7cl
d1y361f|d1yegk7
d1y361f|d1yeirh
d1y361f|d1yejw2
d1y361f|d1yem8m
d1y361f|d1yf3ti
d1y361f|d1yfh4p
d1y361f|d1yfjap
d1y361f|d1yfmxy
d1y361f|d1yfok8
d1y361f|d1yfydf
d1y361f|d1yg169
d1y361f|d1yg578
d1y361f|d1ygban
d1y361f|d1ygg5a
d1y361f|d1ygib6
d1y361f|d1ygoc7
d1y361f|d1ygr5i
d1y361f|d1yh6gr
d1y361f|d1yi1ub
d1y361f|d1yi50s
d1y361f|d1yi7al
d1y361f|d1yiayy
d1y361f|d1yim5n
d1y361f|d1yimbz
d1y361f|d1yjd0h
d1y361f|d1yjd3t
d1y361f|d1yjmix
d1y361f|d1yjt7j
d1y361f|d1yk7hz
d1y361f|d1ykaan
d1y361f|d1ykaj4
d1y361f|d1ykqer
d1y361f|d1yo9nw
d1y361f|d1ypb1j
d1y361f|d1yph74
d1y361f|d1yq7b1
d1y361f|d1yrhje
d1y361f|d1yux18
d1y361f|d1yx6w5
d1y3hct|d1y89do
d1y3hct|d1yba0t
d1y3hct|d1y9akq
d1y3hct|d1y709x
d1y3hct|d1ydk2k
d1y3hct|d1y8z28
d1y3hct|d1y9dq0
d1y3hct|d1ybco6
d1y3hct|d1ybval
d1y3hct|d1yb89k
d1y3hct|d1ybd19
d1y3hct|d1ybpo8
d1y3hct|d1yca60
d1y3hct|d1ydk1a
d1y3hct|d1ydsup
d1y3hct|d1yf87n
d1y3hct|d1ycpe9
d1y3hct|d1yd207
d1y3hct|d1yd80c
d1y3hct|d1ydxok
d1y3hct|d1yfzn3
d1y3hct|d1yg70j
d1y3hct|d1ygmvs
d1y3hct|d1ygwla
d1y3hct|d1yhyht
d1y3hct|d1yip3z
d1y3hct|d1yix1q
d1y3hct|d1yevha
d1y3hct|d1yjg8r
d1y3hct|d1ykb8e
d1y3hct|d1yr28w
d1y3hct|d1z58vc
d1y3hct|d1ycrrx
d1y3hct|d1y6ndq
d1y1z49|d1y74eu
d1y1z49|d1y5avc
d1y1z49|d1y7e4g
d1y1z49|d1y9kdw
d1y1z49|d1y84kc
d1y1z49|d1y6eyg
d1y1z49|d1y88lk
d1y1z49|d1yizbm
d1y1z49|d1y8n15
d1y1z49|d1ybyur
d1y1z49|d1yckiv
d1y1z49|d1yk59i
d1y1z49|d1z0nle
d1y1z49|d1z5b3r
d1y1z49|d1y9bxb
d1y1z49|d1y9gyn
d1y1z49|d1y9pjb
d1y1z49|d1ya5c7
d1y1z49|d1yd94j
d1y1z49|d1ydde1
d1y1z49|d1ydrpd
d1y1z49|d1ye2fq
d1y1z49|d1ye4w3
d1y1z49|d1yfbd3
d1y1z49|d1yg1t2
d1y1z49|d1yh1e0
d1y1z49|d1yihy5
d1y1z49|d1ym13p
d1y1z49|d1y65i4
d1y1z49|d1yamc7
d1y1z49|d1yd9s5
d1y1z49|d1y8xjz
d1y1z49|d1y9cbu
d1y1z49|d1y9k6r
d1y553m|d1ybukg
d1y553m|d1y8xx3
d1y553m|d1yc7f0
d1y553m|d1yca4y
d1y553m|d1ygwkd
d1y553m|d1y6xym
d1y553m|d1yfxqw
d1y553m|d1yqpnq
d1y553m|d1ydfg5
d1y553m|d1yim8o
d1y553m|d1yfe0j
d1y553m|d1yql0r
d1y553m|d1yrvxt
d1y553m|d1yyjes
d1y553m|d1zfz9l
d1y553m|d1yj4di
d1y553m|d1yj4g8
d1y553m|d1ywrd1
d1y553m|d1ze381
d1y553m|d68fwdr
d1y553m|d1yg0ni
d1y553m|d1yggz2
d1y553m|d1yg7hr
d1y553m|d1yhgnw
d1y553m|d1yisr9
d1y553m|d1yjrqg
d1y553m|d1ym5lq
d1y553m|d1ymqo5
d1y553m|d1ymth2
d1y553m|d1ymvpz
d1y553m|d1yow90
d1y553m|d1yswhl
d1y553m|d1z60ae
d1y553m|d1zgtcx
d1y553m|d1zrxcp
d1y553m|d20opg8
d1y553m|d1z1vtd
d1y553m|d1ygh14
d1y553m|d1ygh2v
d1y3fxv|d1y5tf3
d1y3fxv|d1y5uso
d1y3fxv|d1y6cnw
d1y3fxv|d1yd37s
d1y3fxv|d1z1w6u
d1y3fxv|d1yebl6
d1y3fxv|d208ncd
d1y3fxv|d1y6nwc
d1y3fxv|d1ymx3i
d1y3fxv|d25kfe5
d1y3fxv|d3zl3p8
d1y42gt|d1y7gla
d1y42gt|d1yb84x
d1y42gt|d1yd2cp
d1y42gt|d1ybyix
d1y42gt|d1y6jg0
d1y42gt|d1ybbri
d1y42gt|d1ycnz4
d1y42gt|d1yd88y
d1y42gt|d1y7m5i
d1y42gt|d1yn261
d1y42gt|d1y6n71
d1y42gt|d1y6of0
d1y42gt|d1yeuyq
d1y42gt|d1y6quq
d1y11gs|d1y6jwc
d1y11gs|d1y623w
d1y11gs|d1y73s3
d1y11gs|d1y6er0
d1y11gs|d1y7gt2
d1y11gs|d1ya72z
d1y11gs|d1ybbzo
d1y11gs|d1y7u6e
d1y11gs|d1yeec6
d1y2o25|d1y6p89
d1y2o25|d1y53z9
d1y2o25|d1y6rzm
d1y2o25|d1ya4hj
d1y2o25|d1y7px9
d1y2o25|d1ykgn5
d1y2o25|d1y9p1n
d1y2o25|d1yciqt
d1y2o25|d1ydz49
d1y2o25|d1yg2g8
d1y2o25|d1yl6fp
d1y2o25|d1ylfcn
d1y2o25|d1yp8vr
d1y2o25|d1yppy2
d1y2o25|d1yxjmu
d1y2o25|d1z6syh
d1y2o25|d1y6rzs
d1y2o25|d1y8ufg
d1y3zmb|d1ybmso
d1y3zmb|d1y4wzs
d1y3zmb|d1y808o
d1y3zmb|d1yad77
d1y3zmb|d1y99sr
d1y3zmb|d1y9wms
d1y3zmb|d1y73j2
d1y3zmb|d1ydy9q
d1y3zmb|d1yif9t
d1y3zmb|d1ywba0
d1y11ur|d1y4s1e
d1y11ur|d1y5c7j
d1y11ur|d1y4xx4
d1y11ur|d1y9hou
d1y11ur|d1yhcmc
d1y24a1|d1y3ljt
d1y24a1|d1y8fhq
d1y24a1|d1y67kd
d1y24a1|d1y7nga
d1y24a1|d1yd5rk
d1y24a1|d1yea0p
d1y24a1|d1y6idi
d1y24a1|d1y6n1k
d1y24a1|d1y7a0d
d1y24a1|d1yby91
d1y24a1|d1y92ef
d1y24a1|d1y9jbq
d1y24a1|d1y9qvc
d1y24a1|d1yaf43
d1y24a1|d1ybvyg
d1y24a1|d1y73kx
d1y24a1|d1y7wxz
d1y24a1|d1y87cx
d1y24a1|d1ydbp8
d1y24a1|d1y81me
d1y24a1|d1yewez
d1y24a1|d1yfpl8
d1y24a1|d1ygtuj
d1y24a1|d1ygzpv
d1y24a1|d1yj9ee
d1y24a1|d1ypk91
d1y21oz|d1y4kx8
d1y21oz|d1y98g9
d1y21oz|d1y5p5h
d1y21oz|d1y857r
d1y21oz|d1y9rr8
d1y21oz|d1y6e37
d1y21oz|d1y8s13
d1y21oz|d1ya6yw
d1y21oz|d1y9qx6
d1y21oz|d1y9vgm
d1y21oz|d1ya3o6
d1y21oz|d1yazf2
d1y21oz|d1ybv12
d1y21oz|d1ydyw3
d1y21oz|d1yenbw
d1y21oz|d1y8uuq
d1y21oz|d1y95bh
d1y21oz|d1yb9vj
d1y21oz|d1y9jhj
d1y21oz|d1y9o6d
d1y21oz|d1ya8tt
d1y21oz|d1ya9h3
d1y21oz|d1yah2b
d1y21oz|d1yajoe
d1y21oz|d1yb8km
d1y21oz|d1ybd0w
d1y21oz|d1ybfod
d1y21oz|d1yc6w3
d1y21oz|d1ycd1z
d1y21oz|d1yd60y
d1y21oz|d1ydkl9
d1y21oz|d1yehrp
d1y21oz|d1yfab6
d1y21oz|d1yh8xg
d1y21oz|d1yhlv6
d1y21oz|d1yrinx
d1y21oz|d1zj3tu
d1y21oz|d1y89hf
d1y21oz|d1y9ezk
d1y21oz|d1y70z2
d1y21oz|d1y8iv4
d1y21oz|d1y99nk
d1y21oz|d1ye7nn
d1y21oz|d1yeehr
d1y21oz|d1yf7d0
d1y21oz|d1y6fgj
d1y21oz|d1y969c
d1y21oz|d1y746z
d1y5lwr|d1yhruy
d1y5lwr|d1y5p4i
d1y5lwr|d1y7thz
d1y5lwr|d1yef3h
d1y5lwr|d1yevh9
d1y5lwr|d1y8n9i
d1y5lwr|d1ygz3a
d1y5lwr|d1yi16k
d1y5lwr|d1yi4xt
d1y5lwr|d1yeh47
d1y5lwr|d1yed0s
d1y5lwr|d1ygqb6
d1y5lwr|d1yiejm
d1y5lwr|d1yjemb
d1y5lwr|d1ykhp7
d1y5lwr|d1ymg8q
d1y5lwr|d1ynq9f
d1y5lwr|d1yrwct
d1y5lwr|d1yxdbs
d1y5lwr|d1yy0uo
d1y5lwr|d24lkda
d1y5lwr|d1ycya7
d1y5lwr|d1yecvj
d1y5lwr|d1yeiqd
d1y5lwr|d1ydv4x
d1y0mjw|d1y2ide
d1y0mjw|d1y1zma
d1y4lqo|d1y7xen
d1y1bsz|d1y6qxf
d1y1bsz|d1y44ms
d1y1bsz|d1y65zn
d1y1bsz|d1y2l8o
d1y1bsz|d1y5tkk
d1y1bsz|d1y97mh
d1y1bsz|d1yha53
d1y1bsz|d1yimit
d1y1bsz|d1zdrmx
d1y1bsz|d1yaegg
d1y1vjt|d1y43m4
d1y1vjt|d1y88gi
d1y1vjt|d1yfq7c
d1y1vjt|d1y66dy
d1y1vjt|d1yabwq
d1y1vjt|d1ycaea
d1y1vjt|d1y7vnz
d1y1vjt|d1yh17u
d1y0wzx|d1y1699
d1y0wzx|d1y4xx8
d1y0wzx|d1y5qxu
d1y0wzx|d1y7791
d1y0wzx|d1y7yds
d1y0wzx|d1ybyat
d1y0wzx|d1y5ota
d1y0wzx|d1y34h9
d1y0wzx|d1ypsfl
d1y0wzx|d1ycy2w
d1y0wzx|d1ye62a
d1y0wzx|d1ykgzq
d1y0wzx|d1yln4a
d1y0wzx|d20bfo4
d1xzg8x|d1y2nk9
d1xzg8x|d1y5zc9
d1xzg8x|d1y3f4n
d1xzg8x|d1y5djp
d1xzg8x|d1y50w5
d1xzg8x|d1y74aa
d1xzg8x|d1y441p
d1xzg8x|d1y6uai
d1xzg8x|d1y85aa
d1xzg8x|d1y9oc5
d1xzg8x|d1ya4qn
d1xzg8x|d1ye4q6
d1xzg8x|d1ye8k5
d1xzg8x|d27kuj4
d1xzg8x|d1yfaw4
d1xzg8x|d1yigp2
d1xzg8x|d1y00h5
d1xzdle|d1y1x36
d1xzdle|d1y43hh
d1xzdle|d1y4w87
d1xzdle|d1y3m9v
d1xzdle|d1ycnfi
d1xzdle|d1y4v3n
d1xzdle|d1yctit
d1xzdle|d1y00k3
d1y1oo5|d1y4m95
d1y1oo5|d1y8fll
d1xzbrq|d1y5oq5
d1xzbrq|d1y4q7n
d1xzbrq|d1ydedc
d1xzbrq|d1y00m5
d1y1o37|d1y8u1v
d1y1o37|d1yav8m
d1y1o37|d1y574f
d1y1o37|d1y92t0
d1y1o37|d1yaa02
d1y1o37|d1y85mb
d1y1o37|d1y8c1u
d1y1o37|d1ybhp9
d1y1o37|d1ya78z
d1xzw5q|d1y1f7v
d1xzw5q|d1y9uhw
d1xzw5q|d1y6tyq
d1y1xq8|d1y26e6
d1y1xq8|d1y6r08
d1y1xq8|d1y69ih
d1y1xq8|d1y6zwp
d1y1xq8|d1y63mb
d1y1xq8|d1y6i7k
d1y1xq8|d1y962a
d1y1xq8|d1z7ilf
d1y1xq8|d1y5m0o
d1y1xq8|d1y7c05
d1y1xq8|d1y7cza
d1y1xq8|d1y80rn
d1y1xq8|d1y9s6u
d1y1xq8|d1yad74
d1y1xq8|d1yc1ir
d1y1xq8|d1yc6uq
d1y1xq8|d1yeepr
d1y1xq8|d1yfqo8
d1y1xq8|d1yhwyx
d1y1xq8|d1yk6ne
d1y1xq8|d1yyojk
d1y1xq8|d1z1q48
d1y1xq8|d1z50fk
d1y1xq8|d1z7k8o
d1y1xq8|d1zap4x
d1y1xq8|d1zuob1
d1y1xq8|d203mbj
d1y1xq8|d2kmaz9
d1y1xq8|d1y679b
d1y1xq8|d1y6bml
d1y1xq8|d1y6eta
d1y1xq8|d1y78qz
d1y1xq8|d1y7alw
d1y1xq8|d1y9z1z
d1y1xq8|d1ya2v1
d1y1xq8|d1ycvdl
d1y1xq8|d1ydsl5
d1y1xq8|d1ye9pb
d1y1xq8|d1yeel8
d1y1xq8|d1yms0x
d1y1xq8|d1yn3a8
d1y1xq8|d1yoktl
d1y1xq8|d1yvoxb
d1y1xq8|d1zh1of
d1y1xq8|d1y6e9j
d1y1xq8|d1y8t6z
d1y7kq5|d1y7ofv
d1y7kq5|d1ybbju
d1y7kq5|d1yg9vf
d1y1skh|d1y4d65
d1y1skh|d1ye559
d1y1skh|d1y5739
d1y1skh|d1y4sd5
d1y1skh|d1y9s9n
d1y1skh|d1y3vrh
d1y1skh|d1yap46
d1y1skh|d1yflna
d1y1skh|d1yjkev
d1y1skh|d1y5cse
d1y1skh|d1y6dtg
d1y1skh|d1y7nxm
d1y1skh|d1y60oe
d1ybgwu|d1zie8j
d1ybgwu|d7ty2qb
d1ybgwu|d1ybpvw
d1ybgwu|d1yvzww
d1ybgwu|d21om7b
d1y4m38|d1y70qr
d1y20bn|d1y6rrt
d1y20bn|d1yb68c
d1xyyq9|d1xz89l
d1xyyq9|d1y6342
d1xyyq9|d1y2bxb
d1xyyq9|d1y4wyg
d1y4tlx|d1y8jrg
d1y4tlx|d1ybzzn
d1y4tlx|d1ya48u
d1y4tlx|d1ydayu
d1y4tlx|d1ynazx
d1y4tlx|d1z33ym
d1y4tlx|d1y8xvf
d1y4tlx|d1y90q7
d1y4tlx|d1y9dbt
d1y4tlx|d1y9ggx
d1y4tlx|d1yap1a
d1y4tlx|d1y9oa3
d1y1o97|d1y3zm3
d1y1o97|d1y3qy1
d1y1o97|d1y1t0y
d1y1o97|d1y4nsm
d1y1o97|d1y4o3t
d1y1o97|d1y4muo
d1y1o97|d1y2qjb
d1y1o97|d1y3uo8
d1y1o97|d1y469s
d1y1o97|d1y3nv9
d1y1o97|d1y5q9m
d1y1o97|d1y6hav
d1y1o97|d1y5axq
d1y1o97|d1y5lbe
d1y1o97|d1y5vei
d1y1o97|d1y6i9z
d1y1o97|d1y5j63
d1y1o97|d1y5jz5
d1y1o97|d1y4cp0
d1y1o97|d1y4luo
d1y1o97|d1y4o0i
d1y1o97|d1y5leq
d1y1o97|d1y5o04
d1y1o97|d1y5qw0
d1y1o97|d1y5ski
d1y1o97|d1y5vfr
d1y1o97|d1ybt1n
d1y1o97|d1ycywq
d1y1o97|d1y5vna
d1y1o97|d1y40co
d1y1o97|d1y6bku
d1y1o97|d1y6ni2
d1y1o97|d1y7k7t
d1y1o97|d1y8dz2
d1y1o97|d1y8u7f
d1y1o97|d1y9vwk
d1y1o97|d1ybjgj
d1y1o97|d1ybubn
d1y1o97|d1ybux7
d1y1o97|d1ybvzy
d1y1o97|d1ybwkq
d1y1o97|d1ybxri
d1y1o97|d1yc3f6
d1y1o97|d1ycdio
d1y1o97|d1ydrpk
d1y1o97|d1ydv27
d1y1o97|d1ydy1w
d1y1o97|d1ye00i
d1y1o97|d1ye3n9
d1y1o97|d1yec1j
d1y1o97|d1ysute
d1y1o97|d2pldrp
d1y1o97|d7na6fq
d1y1o97|d1y4bdt
d1y1o97|d1y4fbi
d1y1o97|d1y4m4a
d1y1o97|d1y4o6f
d1y1o97|d1y4qxa
d1y1o97|d1y4t79
d1y1o97|d1y4u20
d1y1o97|d1y4v0d
d1y1o97|d1y4v5p
d1y1o97|d1y4wpc
d1y1o97|d1y4ws0
d1y1o97|d1y4wyh
d1y1o97|d1y4yho
d1y1o97|d1y4yp6
d1y1o97|d1y4z4w
d1y1o97|d1y500i
d1y1o97|d1y5272
d1y1o97|d1y52am
d1y1o97|d1y54l8
d1y1o97|d1y5511
d1y1o97|d1y55qs
d1y1o97|d1y56fz
d1y1o97|d1y56ug
d1y1o97|d1y5a9z
d1y1o97|d1y5b2w
d1y1o97|d1y5bte
d1y1o97|d1y5cjf
d1y1o97|d1y5dcr
d1y1o97|d1y5itr
d1y1o97|d1y5jkf
d1y1o97|d1y5k4r
d1y1o97|d1y5kt0
d1y1o97|d1y5lsg
d1y1o97|d1y5n17
d1y32vk|d1y8jnk
d1y32vk|d1y5alo
d1y32vk|d1y8tz1
d1y32vk|d1yav7n
d1y32vk|d202huo
d1y32vk|d1y8gv8
d1y32vk|d1yavgg
d1y32vk|d1yfw2r
d1y32vk|d1ymlcn
d1y9jqw|d1y9mhw
d1y9jqw|d1ycx95
d1y9jqw|d1yhan5
d1y9jqw|d1z5wg5
d1xz3c0|d1y2wjd
d1xz3c0|d1y4gxn
d1xz3c0|d1y4957
d1xz3c0|d1ya5hp
d1xz3c0|d1ya68y
d1xz3c0|d1ydjne
d1xz3c0|d1yfc5n
d1xz3c0|d1y13e0
d1xz3c0|d1y3lnb
d1xzg8q|d1y6ntm
d1xzg8q|d1ym3r2
d1xzg8q|d1yjnjn
d1xzg8q|d1yuj6i
d1xzg8q|d23u2ez
d1xzg8q|d1xzztk
d1y4tk4|d1ydi42
d1y4tk4|d1yqkxx
d1y4tk4|d1y60tr
d1y4tk4|d1yuz30
d1y4tk4|d1y7no2
d1y4tk4|d1y8hk5
d1y4tk4|d1ykueu
d1y6wks|d1yatzn
d1y6wks|d1y9yjy
d1y6wks|d1z5rw6
d1y6wks|d1zaz3u
d1y225y|d1y6642
d1y225y|d1yftb2
d1xzm2d|d1y4jm0
d1xzm2d|d1y7n4n
d1xzm2d|d1y5rju
d1xzm2d|d1y4wbi
d1xzm2d|d1y73r9
d1xzm2d|d1y4wqy
d1xzm2d|d1y00ah
d1xyyez|d1y08p6
d1xyyez|d1y4ug0
d1xyyez|d1y67uv
d1xyyez|d1y9we8
d1y284t|d30cpak
d1xziot|d1y4sr2
d1xziot|d1y81cj
d1xziot|d1y0015
d1y3uq0|d1y96s8
d1y3uq0|d1z4yfm
d1y6ch5|d1y7on0
d1y6ch5|d1y9kbf
d1y6ch5|d1y9mpa
d1xz7yq|d1xzs3s
d1xz7yq|d1y2wqr
d1xz7yq|d1y4tsn
d1xz7yq|d1y5mir
d1xz7yq|d1y6vs5
d1y2qd4|d1ya9yv
d1y2qd4|d1ya1aa
d1y2qd4|d1y542r
d1y2qd4|d1y6ydx
d1y2qd4|d1y7lbd
d1y2qd4|d1ya0n0
d1y2qd4|d1y6q9i
d1y2qd4|d1y7bga
d1y2qd4|d1ya1n7
d1y2qd4|d1y69qn
d1y2qd4|d1y7fe0
d1y2qd4|d1y7u9a
d1y2qd4|d1y8dw2
d1y2qd4|d1y6kpk
d1y2qd4|d1yaacz
d1y2qd4|d1yacfx
d1y2qd4|d1yaeix
d1y2qd4|d1yafvs
d1y2qd4|d1yafzj
d1y2qd4|d1yaljh
d1y2qd4|d1yanlo
d1y2qd4|d1yaqdh
d1y2qd4|d1yaqvd
d1y2qd4|d1yatr8
d1y2qd4|d1yavuo
d1y2qd4|d1yb3t0
d1y2qd4|d1ybikh
d1y2qd4|d1ybjjh
d1y2qd4|d1ybts0
d1y2qd4|d1yc1bk
d1y2qd4|d1yc1md
d1y2qd4|d1yci6e
d1y2qd4|d1yctby
d1y2qd4|d1ydkc8
d1y2qd4|d1yduqe
d1y2qd4|d1yem90
d1y2qd4|d1yenrp
d1y2qd4|d1yepl4
d1y2qd4|d1yfd5w
d1y2qd4|d1yg73m
d1y2qd4|d1ygmx9
d1y2qd4|d1yjn0w
d1y2qd4|d1ykwvc
d1y2qd4|d1ymk65
d1y2qd4|d1ynw5w
d1y2qd4|d1ypbh8
d1y2qd4|d1ys6lj
d1y2qd4|d1yv86m
d1y2qd4|d1yv86t
d1y2qd4|d1yyboq
d1y2qd4|d1z6duv
d1y2qd4|d1zbyt9
d1y2qd4|d1ze2lm
d1y2qd4|d1zhkxw
d1y2qd4|d23u40i
d1y2qd4|d278xrj
d1y2qd4|d1y9870
d1y4m44|d1y5nun
d1y4m44|d1y6cvs
d1y4m44|d1y9wow
d1y4m44|d1ya6kn
d1y0vyy|d1y1rs4
d1y0vyy|d1y3znv
d1y0vyy|d1y6qlm
d1y0vyy|d1y5s52
d1y3ldw|d1y6h8n
d1y3ldw|d1y8idj
d1y3ldw|d1ya4oi
d1xzajz|d1ynn13
d1xzajz|d1xzzrf
d1y2juc|d1y8oog
d1y2juc|d1y7avq
d1y2juc|d1y6vkv
d1y8hcq|d1zstp9
d1y9xjy|d1yah3u
d1y1t5t|d1y2cer
d1y1t5t|d1y4dbc
d1y1t5t|d1y2zcr
d1y1vd6|d1y4ide
d1y1vd6|d1y6p6z
d1y4po2|d1yeux3
d1y1twt|d1y5kzu
d1y1twt|d1y8z92
d1y1twt|d1y4ijh
d1y1u73|d1y5kft
d1y1u73|d1y6mj3
d1y1u73|d1y791k
d1xzkxm|d1y43um
d1xzkxm|d1y5s8n
d1xzkxm|d1y73di
d1xzkxm|d1z1hm3
d1xzkxm|d1y0045
d1y5d8l|d1yhusu
d1y8fqu|d1y8pui
d1y8fqu|d1y8wdj
d1y8fqu|d1zcfwb
d1y2oho|d1y7cbk
d1y2oho|d1yb2o7
d1y2oho|d1y519a
d1y051y|d1y1pin
d1y051y|d1y10uu
d1y051y|d1y6p4v
d1y5b2c|d1yboje
d1y5b2c|d1y5brv
d1y5b2c|d1yofhi
d1y5b2c|d1yvs6w
d1y5b2c|d1z3a63
d1y5b2c|d23u4p0
d1y2q60|d1y63ap
d1y2q60|d1y71wx
d1y2q60|d1y5t71
d1y2q60|d1y7g9e
d1y2q60|d1y7yuz
d1y2q60|d1yibfk
d1y2q60|d1y8w67
d1y2q60|d1yj7ss
d1y2q60|d1ygfqt
d1y2q60|d1yk6mb
d1y2q60|d1ymbri
d1y2q60|d1y9onu
d1y32ib|d1yesoy
d1y6aqp|d1y6mdi
d1y6aqp|d1yhg55
d1y15l5|d1ygfx3
d1y15l5|d1yqpz4
d1y15l5|d1zsx1b
d1y2quz|d1y7y52
d1y02nd|d1y8pgw
d1y26eb|d1y349e
d1y26eb|d1y7gc6
d1y26eb|d1y6fuj
d1y26eb|d1y81oy
d1yaiip|d1yi1li
d1yaiip|d59zf46
d1y86ex|d1ybdxx
d1y00fq|d1yhrpc
d1y80th|d1zn69n
d1y0lqp|d1y2iyh
d1y0lqp|d1y2d4x
d1y4k7o|d1y4z4y
d1y1iu8|d1y2915
d1y1iu8|d1y27lc
d1y1iu8|d1y36be
d1y1iu8|d1y6di9
d1y1iu8|d1y5l70
d1y2kqv|d1y7gyb
d1y2kqv|d1y92y4
d1y2kqv|d1yev0o
d1y1qx8|d1y6rpw
d1y1qx8|d1yb4u1
d1y4p92|d1y6ddm
d1y6djx|d1yfzw0
d1y6ozt|d1y6raa
d1ycgnf|d1yi3w1
d1y0bgt|d1y7bk2
d1y8rai|d1zn3zr
d1y1vqy|d1y49c9
d1y56po|d1yaksx
d1y56po|d1y5ycf
d1y1o2r|d1y2aqo
d1y1o2r|d1y2ae0
d1y1o2r|d1y6rsy
d1y1o2r|d1y2dil
d1y1o2r|d1y4lu6
d1y1o2r|d1y30z9
d1y1o2r|d1y5k8x
d1y1o2r|d1y5xb6
d1y1o2r|d1y6bdn
d1y1o2r|d1y7c20
d1y4p9c|d1y5dg9
d1y5rek|d1y6l49
d1yh5um|d1yiovr
d1yh5um|d1z9o60
d1y83in|d1y9gkw
d1y86b2|d1y88mf
d1y9shp|d1ya08z
d1ynfh2|d1yry2s
d1y1p51|d1y6oro
d1y28w8|d1y7b7k
d1y4z5c|d1yc11w
d1y4z5c|d1yqkh7
d1y89nz|d1ycjds
d1y2qrp|d1y48vv
d1y4dxh|d1yopau
d1y5ll1|d1y5q2k
d1y69q6|d1y6wcn
d1y6y5a|d1y923v
d1y9sc9|d1ya3j3
d1ydkq8|d1ykay1
d1yepcb|d1yeqwu
d1ygzd0|d1yhq11
d1y1inq|d1y4pp6
d1y74ha|d1yb72p
d1y368q|d208z5u
d1y5irs|d1y8i7a
d1y60wd|d1yg3n4
d1y61y3|d1y6fch
d1y8qdu|d1y91aq
d1yccic|d1ychii
d1yccic|d1yhucl
d1yccic|d1ydwg1
d1yd7ly|d1yeh6x
d1yguxu|d1yhqzk
d1yhusm|d1yi109
d1ykpq9|d1yl2nq
d1z0okd|d1z16wb
d1y2wu4|d1y8naq
d1y2wu4|d1y9d1g
d1y1ksm|d1y2h6s
d1y3t90|d1y722t
d1y3t90|d1y8917
d1y0jej|d1y2cur
d1y0jej|d1y72ei
d1y0jej|d1y1t5w
d1y0jej|d1y6ufe
d1y0jej|d1y40pl
d1y0jej|d1y69hr
d1y2x9s|d1y54hm
d1y3wgv|d1y4s32
d1y4bfb|d1y4dt3
d1y4ivo|d1y5smn
d1y4oge|d1y6p0r
d1y4wke|d273xc1
d1y6lne|d1y6n1d
d1y9q4k|d1ya8ln
d1ya0j9|d1ya9wl
d1ya0j9|d1ycy3x
d1ya2de|d1ya645
d1ya7hr|d1z6l1q
d1yakj6|d1yb0zq
d1yanqr|d1yauj6
d1yao8c|d1yart2
d1yaw1i|d1yb28m
d1yaxt3|d1ybb6w
d1yaxt3|d1ybsd4
d1yb2sa|d1yb6d8
d1ybbnm|d1ybwuk
d1ybowi|d1yc8fh
d1yc6c6|d1ycc2x
d1yc8k6|d1yek3l
d1yct3s|d1ycyzt
d1yenxn|d1yh0qp
d1yfukp|d1ygulp
d1ygvjm|d1ys76x
d1ygwom|d1yh70q
d1ygwom|d1yjbrd
d1yiaaj|d1ymknr
d1yjazz|d1ymi2d
d1yjg3q|d1yk65p
d1ziujq|d1ziwyv
d2013o0|d21zjhu
d1y8wlu|d1yez9e
d1y8wlu|d1y8y51
d1y46pb|d1y4mst
d1y56dd|d1y5gan
d1y5f09|d1y5gc0
d1yajam|d1yjukd
d1ycsai|d1yd27k
d1y3trg|d1y8mbv
d1y4xz9|d1y58th
d1y52qx|d1y7x8e
d1y52xr|d1y7x5e
d1y53c1|d1y7wln
d1y55p2|d1y7u37
d1y5634|d1y7t18
d1y56l4|d1y7stv
d1y570n|d1y5bpa
d1y570n|d1y9nm3
d1y596m|d1y7s1v
d1y5anc|d1y7o3k
d1y5baw|d1y7nm1
d1y5djb|d1y7mrn
d1y5eh3|d1y7lw6
d1y5gx4|d1y7js0
d1y5h2u|d1y7k1j
d1y5h4f|d1y7jhe
d1y5hj4|d1y7iev
d1y5igt|d1y7hdw
d1y5ihd|d1y7gw1
d1y5izm|d1y7gaf
d1y5j5e|d1y7gjz
d1y5m50|d1y7fqq
d1y5nu0|d1y9mcy
d1yeagr|d1zgyf0
d1yeajd|d1yfu31
d1ygb3v|d1yh420
d1yyo0i|d1z101w
d1yyo0i|d1z10xh
d1z5du9|d1z75dk
d1z69os|d1z71ni
d1z7vtg|d1zc4kv
d1zc8we|d1zcmh1
d20qm7y|d28nrcx
d1y2yqv|d1y5yc5
d1y3mew|d1y3pk2
d1y59bb|d1y5bad
d1y59bb|d1y60d8
d1y59bb|d1y7obd
d1y59bb|d1y8wxc
d1y59bb|d1y5av2
d1y7tcu|d1y7v5v
d1yamsj|d1yaz4y
d1yamsj|d1yb9eo
d1y3zfm|d1y6g3w
d1y3zfm|d1y4k3g
d1y3zfm|d1y98w3
d1y3zfm|d1y7mbi
d1y4ojy|d1y7h6y
d1y4om8|d1y4u4m
d1y6xr3|d1z35y5
d1y5ei2|d1y7l7k
d1y61n8|d1y62ag
d1y658a|d47of8u
d1y659y|d1y74gg
d1y6d4d|d1y6klz
d1y6d4d|d1y6uzo
d1y6kq7|d1y93ri
d1y6vis|d1yaet5
d1y76h2|d1y7sd4
d1y78tq|d1y7bhm
d1y793s|d1y7c0l
d1y7eye|d1y7imm
d1y7jao|d1y810c
d1y7m70|d1y7we2
d1y7n98|d1y7vws
d1y7new|d1y7onz
d1y7new|d1y7st8
d1y7new|d1y83q1
d1y7o2r|d1y7s6a
d1y7uzq|d1y7w36
d1y87kc|d1y88y7
d1y8cq1|d1y8v87
d1y8erp|d3vjzaq
d1y8glf|d1y8k93
d1y8kn8|d1y8mxg
d1y99jc|d1y9b8c
d1y9fhi|d1yb525
d1y9gxo|d1y9mc2
d1y9llt|d1y9q9y
d1y9r7f|d1ya6lp
d1ya7of|d1yabcw
d1yahe0|d1yatvl
d1yaso2|d1ybxav
d1yb09l|d1ybldz
d1yb7t3|d1ybj27
d1yb8zr|d1ybhel
d1yb99u|d1ybczd
d1yb99u|d1ybdma
d1yba6m|d1ybc2j
d1ybj99|d1ycbdb
d1yc03p|d1yc397
d1yc2gn|d1yc7im
d1ycb1k|d1yebli
d1ycbtb|d1ycdgg
d1ycg10|d1ydv7y
d1yckc7|d1yclhc
d1ycnve|d1yd4mr
d1ycnve|d1ydjn1
d1yd295|d1ydj8w
d1yf8jz|d1yg8fj
d1yfcun|d1yg0w1
d1yfiv0|d1yfv32
d1yhesv|d1yhtxs
d1yhhdd|d1yidpb
d1yhklg|d1yiay6
d1yi56w|d1yk9ig
d1yiexj|d1yjdtm
d1yieyj|d1yjbfm
d1yj5hm|d1yksva
d1yjlp1|d1yjopi
d1ynwww|d1yrm1c
d1yo51v|d1yoq66
d1yxrel|d1z9vtg
d1z08a8|d1z0mwp
d1z3lq7|d1za804
d1z49co|d1z7e54
d1z5ldc|d1z5pxf
d30vcsp|d30zbrj
d75xsrr|d7olswo
d76eui8|d7olrnf
d7dz9zv|d7olqr5
d1y4l3x|d1y4whv
d1y4l3x|d1yp2pq
d1yktkj|d1ynhvm
d1y12m4|d1y1e37
d1y12m4|d1y49mo
d1y4cok|d1y5rdt
d1y550z|d1y7w7w
d1y7t5w|d1yb9cc
d1y7t5w|d1z3qfe
d1y3xwa|d1y4r8l
d1y3xwa|d1y4swd
d1y97pb|d1y9hza
d1ydb57|d1ydfgr
d1yifvz|d1yj9wj
d1xyxfv|d1xz9x7
d1y9rg8|d1ya1pr
d1y5sr1|d1y9r1y
d1y5sr1|d1yaw8o
d1y5sr1|d1yaw7e
d1y5sr1|d1yji2c
d1y5sr1|d1ylfop
d1y5sr1|d1yc8sw
d1y5sr1|d1ycycz
d1y5sr1|d1yeq37
d1y5sr1|d1yrtr2
d1y8bcp|d1yfike
d1y8bcp|d1yfl5y
d1y8bcp|d1yg2q8
d1y8bcp|d1zqvad
d1y8bcp|d1yhime
d1y8em2|d1yb1dg
d1ybydu|d1ycw54
d1y6gep|d1y9ae8
d1y6gep|d1y7poj
d1y6gep|d1y9r78
d1y6gep|d1yg8q4
d1y6gep|d1yenvu
d1y6gep|d1yfmpo
d1y6gep|d1y9vkf
d1ybngc|d1ycxkr
d1ybhg1|d1yd0k9
d1yb7qo|d1yd10a
d1yb78c|d1yd1kh
d1ybfer|d1yd0v4
d1ybt40|d1ycwyw
d1ybt40|d1yda3a
d1yc38e|d1ycux4
d1yd1xp|d1yd6v6
d1y8sii|d1y9szz
d1yd6at|d1ydblk
d1yx6w5|d1yxpf1
d1y89do|d1ybqek
d1y89do|d1yaswh
d1y89do|d1ydkxv
d1y89do|d1y96hd
d1y89do|d1ydgpd
d1y89do|d1ybesm
d1y89do|d1ydzqw
d1y89do|d1ybaxq
d1y89do|d1yfhoc
d1y89do|d1yg22c
d1y89do|d1ygs0u
d1y89do|d1yd9qx
d1y89do|d1ye0n8
d1y89do|d1yfs40
d1y89do|d1ym5yj
d1y89do|d23u4sz
d1y89do|d1ybosr
d1y89do|d1ydmnp
d1y89do|d1yfjas
d1y89do|d1ygx6n
d1y89do|d1yhib4
d1y89do|d1yho0t
d1y89do|d1yiodw
d1y89do|d1yixxl
d1y89do|d1ykai9
d1y89do|d1yoxpl
d1y89do|d1ypkne
d1y89do|d1yppic
d1y89do|d1ytsk3
d1y89do|d1ywts4
d1y89do|d1zanza
d1y89do|d20g5cp
d1y89do|d284zk5
d1y9dq0|d1ydou1
d1yevha|d1yn4zz
d1y6ndq|d1yabnq
d1y74eu|d1yco34
d1y74eu|d1ydnsr
d1y74eu|d1ydzzl
d1y74eu|d1ydwrt
d1y74eu|d1yjuom
d1y74eu|d1z59q1
d1y74eu|d5hr3vg
d1y5avc|d1y5z8f
d1y5avc|d1y6oiz
d1y5avc|d1y7o2z
d1y5avc|d1y83fr
d1y5avc|d1y624k
d1y5avc|d1y6pcf
d1y5avc|d1y77vm
d1y5avc|d1y5vfi
d1y5avc|d1y7v0k
d1y5avc|d1y7wz2
d1y5avc|d1y7x95
d1y5avc|d1y82ot
d1y5avc|d1y85vf
d1y5avc|d1y8fzz
d1y5avc|d1y8lpf
d1y5avc|d1y8o7q
d1y5avc|d1y9e2d
d1y5avc|d1y9lqh
d1y5avc|d1y9m7l
d1y5avc|d1y9mhg
d1y5avc|d1y9mwe
d1y5avc|d1y9n71
d1y5avc|d1ya050
d1y5avc|d1ya59s
d1y5avc|d1ya87w
d1y5avc|d1yajcj
d1y5avc|d1ybb0h
d1y5avc|d1ybmzm
d1y5avc|d1ybpds
d1y5avc|d1ycjgr
d1y5avc|d1yd911
d1y5avc|d1ye41k
d1y5avc|d1yet2z
d1y5avc|d1yhtgw
d1y5avc|d1yhtio
d1y5avc|d1yi5y4
d1y5avc|d1yiaf2
d1y5avc|d1yisqo
d1y5avc|d1yjvv5
d1y5avc|d1yklf3
d1y5avc|d1yodw5
d1y5avc|d1z3bd8
d1y5avc|d1z4ukq
d1y5avc|d1y6elh
d1y5avc|d1y6jyt
d1y5avc|d1y6l7e
d1y5avc|d1y7ecs
d1y7e4g|d1yb87j
d1y7e4g|d1z1nw5
d1y9kdw|d1yezo2
d1y6eyg|d1z56n3
d1y88lk|d1z4yh6
d1y8n15|d1ybesv
d1yckiv|d1z50jn
d1ya5c7|d1z52if
d1ydrpd|d1z55m7
d1y65i4|d1y78uf
d1ybukg|d1yjfeb
d1ybukg|d1yebpy
d1ybukg|d1yfqr2
d1ybukg|d1ykft2
d1ybukg|d1ynijf
d1ybukg|d1yjfz8
d1ybukg|d1ys2ns
d1ybukg|d1z53v1
d1y8xx3|d1ypdz4
d1y8xx3|d1yzatd
d1yca4y|d1yh7as
d1ygwkd|d1yratv
d1y6xym|d1yevkv
d1y6xym|d1y8sad
d1y6xym|d1yak87
d1y6xym|d1ys4t0
d1yfxqw|d1yryy5
d1yim8o|d1yqott
d1yfe0j|d1zsjq4
d1yql0r|d1ytjqi
d1yyjes|d1z4vn4
d1yj4di|d1yqi0x
d1yj4g8|d1yqf60
d1ze381|d1zefq1
d1yg0ni|d1yi52g
d1yg0ni|d1yrgcu
d1yg7hr|d1yrcsu
d1yhgnw|d1yr6y5
d1yisr9|d1yqjui
d1yow90|d1ysg89
d1z60ae|d1z9wp5
d20opg8|d20sspp
d1y5tf3|d1yni4s
d1y5uso|d1y8k9e
d1y5uso|d1yigx1
d1y5uso|d1yf31f
d1y5uso|d1yewlj
d1y5uso|d1ybp81
d1y5uso|d1ykwqn
d1y5uso|d1yfbof
d1y5uso|d1yfu9g
d1y5uso|d1ygcsv
d1y5uso|d1yh3hm
d1y5uso|d1ycc2o
d1y5uso|d1y8lbz
d1y6cnw|d1y8l8p
d1y6cnw|d1ya9fx
d1y6nwc|d1y7od4
d1y6nwc|d1ydwo3
d1y7gla|d1y7iao
d1y7gla|d1y7n54
d1y7gla|d1y7vgc
d1y7gla|d1ybaqr
d1y7gla|d1ybqfd
d1y7gla|d1y915r
d1y7gla|d1y9uan
d1y7gla|d1ydm0t
d1y7gla|d1yc9v6
d1y7gla|d1ya5ug
d1y7gla|d1yb9e2
d1y7gla|d1yco8b
d1y7gla|d1ycqf4
d1y7gla|d1ycwt2
d1y7gla|d1ydsq1
d1y7gla|d1yeclx
d1y7gla|d1yf3ra
d1y7gla|d1yfgsj
d1y7gla|d1ygn97
d1y7gla|d1yh9i3
d1y7gla|d1yhdlc
d1y7gla|d1yhe90
d1y7gla|d1yicb4
d1y7gla|d1yk2zs
d1y7gla|d1ylpoa
d1y7gla|d1zbpo5
d1y7gla|d1zdjvs
d1y7gla|d1zfefy
d1y7gla|d75xne2
d1y7gla|d1y97bt
d1y6jg0|d1ynhoq
d1yd88y|d1yn9bi
d1yd88y|d1yiiys
d1yd88y|d1yole4
d1yn261|d1yn5mf
d1y6n71|d1yndeo
d1yeuyq|d1yn7za
d1y6jwc|d1y73as
d1y6jwc|d1y97qw
d1y6jwc|d1ya0mo
d1y6jwc|d1yad79
d1y6jwc|d1y7cyc
d1y6jwc|d1y8nl8
d1y623w|d1z0rjj
d1y6er0|d1y8a64
d1y7u6e|d1y8ic0
d1y6p89|d1y7ikn
d1y6p89|d1y6z2b
d1y6p89|d1y8eka
d1y6p89|d1y9pm1
d1y6p89|d1y91sq
d1y6p89|d1ydwwt
d1y6p89|d1yayu8
d1y6p89|d1y8n41
d1y6p89|d1y8y07
d1y6p89|d1ya3ge
d1y6p89|d1yboph
d1y6p89|d1y8bln
d1y6p89|d1y8hvt
d1y6p89|d1y8vx7
d1y6p89|d1yb9wf
d1y6p89|d1ycvpv
d1y6p89|d1yd79m
d1y6p89|d1yept3
d1y6p89|d1yfeau
d1y6p89|d1yhhpu
d1y6p89|d1yjmc2
d1y6p89|d1yng21
d1y6p89|d1ynyit
d1y6p89|d1z53ho
d1y6p89|d1z6j8q
d1y6p89|d1za6d7
d1y6p89|d20wf9q
d1y53z9|d1y8dyo
d1y53z9|d1y9f0d
d1y53z9|d1y8rz1
d1y53z9|d1yb0gh
d1y53z9|d1y8lpn
d1y53z9|d1y9fh7
d1y53z9|d1y8vmp
d1y53z9|d1ydyfv
d1y53z9|d1ya1r1
d1y6rzm|d1y7vag
d1ya4hj|d1yh6ow
d1y7px9|d1y8u4y
d1ykgn5|d1yne8m
d1yppy2|d1yrh2c
d1yxjmu|d1yylgb
d1y6rzs|d1y8t8c
d1y8ufg|d1ycjkk
d1ybmso|d1yenqb
d1ybmso|d1ygjo6
d1ybmso|d1yef2q
d1ybmso|d1yk1aj
d1ybmso|d1yg1bu
d1ybmso|d1yh401
d1ybmso|d1yivdx
d1ybmso|d1yjpfb
d1ybmso|d1yyrts
d1ybmso|d1yk0fu
d1ybmso|d1ykoad
d1ybmso|d1yghuf
d1ybmso|d1ykff6
d1ybmso|d1ykzz1
d1ybmso|d1yl4g6
d1ybmso|d1ylsu7
d1ybmso|d1yxn0g
d1ybmso|d1z1ob8
d1ybmso|d1yg1c4
d1ybmso|d1yftn3
d1y73j2|d1y8w2g
d1y4s1e|d1y7266
d1y4s1e|d1y7qzw
d1y4s1e|d1y89oa
d1y4s1e|d1y5bhf
d1y4s1e|d1y6qoo
d1y4s1e|d1yd1bg
d1y4s1e|d1y9h8s
d1y4s1e|d1y8wru
d1y4s1e|d1y6rbz
d1y4s1e|d1y7rdd
d1y4s1e|d1yiu2v
d1y4s1e|d1yk8f8
d1y4s1e|d1yo0kn
d1y4s1e|d234x1t
d1y4s1e|d1y82q0
d1y4s1e|d1y8cp8
d1y4s1e|d1yc6nk
d1y4s1e|d1yc7rj
d1y5c7j|d1y7iu1
d1y5c7j|d1y8qmn
d1y5c7j|d1y94rc
d1y4xx4|d1y8bh2
d1y3ljt|d1y4ooq
d1y3ljt|d1yds9n
d1y3ljt|d1yh2rt
d1y7nga|d1y8htb
d1y6idi|d1yhlr2
d1y4kx8|d1y5gb3
d1y4kx8|d1y6bco
d1y4kx8|d1y8r2k
d1y4kx8|d1yaa9i
d1y4kx8|d1ybi1i
d1y4kx8|d1y8mu6
d1y4kx8|d1yar0s
d1y4kx8|d1yeeq6
d1y4kx8|d1yf593
d1y4kx8|d1yg3h7
d1y4kx8|d1ya5o6
d1y4kx8|d1y8y2x
d1y6e37|d1y8hrr
d1y9qx6|d1yhats
d1y9vgm|d1ybe67
d1y6fgj|d1y72u1
d1yhruy|d1z633o
d1y5p4i|d1y5zgv
d1y7thz|d1y7xe7
d1y7thz|d1z67w9
d1yevh9|d1yjptl
d1ygz3a|d1z63kc
d1yi16k|d1yngwk
d1yxdbs|d1z61ho
d1yy0uo|d1z60vg
d1ydv4x|d1z66cc
d1ydv4x|d1yf5dn
d1ydv4x|d1yi9dn
d1y2ide|d1y3edk
d1y2ide|d1y4282
d1y2ide|d1y65ui
d1y1zma|d1y2suc
d1y6qxf|d1y7yao
d1y6qxf|d1ycb81
d1y6qxf|d1ydhhj
d1y6qxf|d1ygimb
d1y6qxf|d1yh5t8
d1y6qxf|d1yagrd
d1y6qxf|d1ylvp2
d1y6qxf|d1yyfp7
d1y6qxf|d1zaam6
d1y6qxf|d1zamxn
d1y6qxf|d23rb5t
d1y6qxf|d1yf3kl
d1y6qxf|d1y8vbz
d1y44ms|d1y4c4z
d1y65zn|d1yb25e
d1y65zn|d1y86al
d1y65zn|d1yhzj1
d1y2l8o|d1y3ubv
d1y5tkk|d1y873u
d1y97mh|d1yieyn
d1yha53|d1yi47h
d1yaegg|d1yijeu
d1y43m4|d1y5bpd
d1y43m4|d1yd7of
d1y43m4|d1ybmv6
d1y43m4|d1z0gxu
d1y43m4|d1y954t
d1y43m4|d1ybikd
d1y43m4|d1y7i25
d1y88gi|d1yarw5
d1y88gi|d1ycmy7
d1y66dy|d1ycnw0
d1yabwq|d1ycm0y
d1ycaea|d1yclhr
d1y7vnz|d1ycn65
d1y1699|d1y2x2g
d1y1699|d1y75mb
d1y1699|d1yff7j
d1y1699|d1y90s8
d1y1699|d1yarkx
d1y1699|d1yjdjj
d1y1699|d1y9w8f
d1y1699|d1ypvo3
d1y4xx8|d1y6yfq
d1y4xx8|d1yvv10
d1y4xx8|d1yphny
d1y7791|d1yxjwe
d1y7yds|d1ypmhy
d1ybyat|d1ypo71
d1y34h9|d1y3hho
d1y34h9|d1y7jj7
d1y34h9|d1y63zn
d1ycy2w|d1ypoms
d1ye62a|d1ypp66
d1ykgzq|d1yp0ae
d1yln4a|d1yovaz
d1y2nk9|d1y2zpw
d1y2nk9|d1y33o6
d1y5zc9|d1ycphx
d1y5zc9|d1y981v
d1y5zc9|d1yeprf
d1y5zc9|d1yewjn
d1y5zc9|d1ykxnf
d1y5zc9|d1ymlly
d1y5zc9|d1yg4vl
d1y5zc9|d1yhjqk
d1y5zc9|d1yrxlq
d1y3f4n|d1y6an1
d1y3f4n|d1ybc8o
d1y3f4n|d1y5and
d1y50w5|d1yip9m
d27kuj4|d27mv30
d1yfaw4|d1yfm73
d1yigp2|d1yihx3
d1y43hh|d1y54s5
d1y43hh|d1y4zor
d1y4m95|d1y4z01
d1y4m95|d1yctxa
d1y8fll|d215qow
d1y4q7n|d1y6aaz
d1y00m5|d1y133m
d1y00m5|d1y0z84
d1y8u1v|d1yn7f2
d1y8u1v|d1yyk5e
d1yav8m|d1ybv86
d1yav8m|d1yj4gb
d1yav8m|d1yiayw
d1yav8m|d1yjozy
d1y574f|d1y7n4h
d1y574f|d1yd7p5
d1y85mb|d1y8sam
d1y8c1u|d1y8qwj
d1ya78z|d1z2rn3
d1y1f7v|d1y7byp
d1y1f7v|d1y4o4l
d1y1f7v|d1yiugz
d1y1f7v|d1yznt4
d1y1f7v|d1yeme0
d1y1f7v|d1yhrxc
d1y9uhw|d1yac4c
d1y9uhw|d1yk7qs
d1y6tyq|d1y7u20
d1y26e6|d1y2fbc
d1y78qz|d1yuxf5
d1y9z1z|d1yumh3
d1y7ofv|d1y7pxt
d1yg9vf|d1ytf0n
d1y4d65|d1y5dco
d1y4d65|d1y94m3
d1y4d65|d1ylge0
d1y4d65|d1yekoh
d1y4d65|d1y5mu6
d1y4d65|d1yjuy4
d1ye559|d1yktha
d1y4sd5|d1y5rw5
d1y4sd5|d1z19sv
d1y9s9n|d1yg8u5
d1y9s9n|d1z13uc
d1y3vrh|d1y42o6
d1y3vrh|d1y44tv
d1y3vrh|d1y44z2
d1y3vrh|d1y4up7
d1y3vrh|d1y474f
d1y3vrh|d1y476n
d1yap46|d1z1nxh
d1yflna|d1z1hty
d1yjkev|d1yklyq
d1y5cse|d1y5ir5
d1y5cse|d1ymkiw
d1y5cse|d1z17hv
d1y6dtg|d1ykyak
d1y7nxm|d1z162t
d1zie8j|d226lyb
d1ybpvw|d1ybvot
d1yvzww|d1zf7og
d21om7b|d226lbp
d1xz89l|d1xzbd6
d1y6342|d1yaaqe
d1y4wyg|d1y583u
d1y8jrg|d1yfi7h
d1y8jrg|d1y9pbf
d1y8jrg|d29r07o
d1y8jrg|d2gueap
d1y8jrg|d1yfxwf
d1ybzzn|d1z0btg
d1yap1a|d1yb0k1
d1y3zm3|d1y4fpk
d1y3zm3|d1y5ipm
d1y3zm3|d1y63ys
d1y3zm3|d1y54i0
d1y3zm3|d1y6vge
d1y3zm3|d1y6vol
d1y3zm3|d1y64iv
d1y3zm3|d1y7aqa
d1y3zm3|d1y5d2w
d1y3zm3|d1y5db4
d1y3zm3|d1y6vj7
d1y3zm3|d1y6zz4
d1y3zm3|d1y74za
d1y3zm3|d1y86n5
d1y3zm3|d1y8crk
d1y3zm3|d1y7sbg
d1y3zm3|d1y7zgf
d1y3zm3|d1y8024
d1y3zm3|d1y8nmb
d1y3zm3|d1y92q0
d1y3zm3|d1y9u7s
d1y3zm3|d1ycgie
d1y3zm3|d1yct6s
d1y3zm3|d1ydelo
d1y3zm3|d1yetdt
d1y3zm3|d1yhrf3
d1y3zm3|d1yivcc
d1y3zm3|d1yjkzz
d1y3zm3|d1ziefi
d1y3qy1|d1y3yuf
d1y3qy1|d1y515s
d1y3qy1|d1y7boq
d1y3qy1|d1y94is
d1y3qy1|d1yak0a
d1y3qy1|d1y90lh
d1y3qy1|d1y5kcu
d1y3qy1|d1y6e9r
d1y3qy1|d1y99jl
d1y3qy1|d1y644u
d1y3qy1|d1y8rfp
d1y3qy1|d1yaxlt
d1y3qy1|d1ye50z
d1y1t0y|d1y2dsp
d1y1t0y|d1ygbhj
d1y1t0y|d1ym2w1
d1y4nsm|d1y5d57
d1y4nsm|d1y65r5
d1y4nsm|d1y7lhw
d1y4nsm|d1y90c1
d1y4nsm|d1yatxb
d1y4nsm|d1y5oi0
d1y4o3t|d1y7r3a
d1y4o3t|d1y8p3k
d1y4o3t|d1yabqb
d1y4o3t|d1yf589
d1y4muo|d1ya02k
d1y4muo|d1y8034
d1y4muo|d1ybtyz
d1y4muo|d1yd6bc
d1y2qjb|d1y3swc
d1y3uo8|d1y48tz
d1y3uo8|d1y7pk2
d1y3uo8|d1y8ew5
d1y3uo8|d1y9we0
d1y3uo8|d1y58tx
d1y3uo8|d1yegvn
d1y3nv9|d1y41xr
d1y5q9m|d1y5tnw
d1y5q9m|d1y7nny
d1y5q9m|d1ybqvf
d1y6hav|d1y6msu
d1y5vei|d1y61ij
d1y5vei|d1y7mnc
d1y6i9z|d1y6yoe
d1y5j63|d1y64au
d1y5jz5|d1y62o8
d1ybt1n|d1ycbia
d1ycywq|d1ydy89
d1y5vna|d1y7sji
d1y6bku|d1y6ejj
d1y7k7t|d1y7v3j
d1y9vwk|d1ybkkp
d1y9vwk|d1y9zda
d1ybjgj|d1ybwgo
d1ybubn|d1yca5h
d1ybux7|d1yc8o2
d1ybwkq|d1yc13l
d1ycdio|d1ycfj4
d1ydrpk|d1yeckj
d1ydv27|d1ye9if
d1ydy1w|d1ye211
d1ye00i|d1yeh52
d1ye3n9|d1yef95
d1yec1j|d1yes5p
d2pldrp|d2t3pdv
d7na6fq|d7ntq6p
d1y5lsg|d1y5zrf
d1y5n17|d1y5x6n
d1y8jnk|d1yav23
d1y8jnk|d1ycvkt
d1y5alo|d1yd58k
d1y8tz1|d1ycslz
d1y8gv8|d1yd23j
d1yavgg|d1ycrao
d1yfw2r|d1yhzq6
d1ycx95|d1yd7ds
d1yhan5|d1yi895
d1z5wg5|d1zhzc5
d1y2wjd|d1y4q35
d1y2wjd|d1y3r6j
d1y2wjd|d1y5uuy
d1y2wjd|d1y3p3l
d1y2wjd|d1y6sdb
d1y2wjd|d1y7jur
d1y2wjd|d1y7kwl
d1y2wjd|d1yajvo
d1y2wjd|d1ybhvy
d1y2wjd|d1ykoaz
d1y2wjd|d1ylkjk
d1y2wjd|d1y61gj
d1y2wjd|d1ya3uh
d1y4gxn|d1y8wn1
d1y4gxn|d1yens1
d1y4gxn|d1y7njy
d1y4gxn|d1ybyk2
d1y4gxn|d1yiy2i
d1y4gxn|d1ylud4
d1y4gxn|d1yhjse
d1y4gxn|d1y8yzo
d1y4gxn|d1y6t1m
d1y4gxn|d1yiv2m
d1ya5hp|d1yjzbd
d1ya68y|d1yjx1p
d1ydjne|d1yjwo6
d1yfc5n|d1yjvv7
d1y13e0|d1y2ug0
d1y13e0|d1y2kw8
d1y13e0|d1y21zq
d1y13e0|d1y3sws
d1y13e0|d1y5hh0
d1y13e0|d1y9kj2
d1y13e0|d1ylloy
d1y13e0|d1y27bw
d1y13e0|d1y55b5
d1y13e0|d1y5ip6
d1y13e0|d1y995z
d1y13e0|d1y1uh6
d1y3lnb|d1ylj0x
d1ym3r2|d1ynz69
d1xzztk|d1y10a4
d1yatzn|d1ynbb9
d1y6642|d1y81sq
d1y4jm0|d1y6t2v
d1y4jm0|d1y6ujo
d1y4jm0|d1yafnr
d1y4jm0|d1ycfy4
d1y4jm0|d1y6175
d1y7n4n|d1yai6l
d1y5rju|d1yah1y
d1y73r9|d1yahb2
d1y00ah|d1y0ebb
d1y08p6|d1y2qb5
d1y08p6|d1y7m2q
d1y08p6|d1y6bgl
d1y08p6|d1yidi7
d1y08p6|d1y2qwy
d1y08p6|d1y6een
d1y08p6|d1y9m13
d1y08p6|d1yj4b4
d1y08p6|d1y2q5u
d1y08p6|d1y3nry
d1y4ug0|d1y5fdy
d1y9we8|d1ya4zs
d1y9we8|d1ya79d
d30cpak|d30vmhq
d1y4sr2|d1ybgv2
d1y81cj|d1ybhee
d1y96s8|d1ymcl0
d1y9mpa|d1yaw3u
d1xzs3s|d1y012o
d1y4tsn|d1yf5yy
d1y5mir|d1yffxv
d1ya9yv|d1ygkbv
d1y6ydx|d1y9diu
d1y7lbd|d1y9avc
d1y6q9i|d1y9e1l
d1y7bga|d1y9cwv
d1y9870|d1y9agk
d1y9870|d1ycgvj
d1y5nun|d1zi458
d1ya6kn|d1ytmdb
d1y1rs4|d1y40b0
d1y3znv|d1y5l2t
d1y5s52|d1y6qim
d1y6h8n|d1yj2k7
d1y8idj|d1yje9v
d1ya4oi|d1yj3du
d1ynn13|d1z659s
d1xzzrf|d1y04ph
d1xzzrf|d1y192b
d1zstp9|d75xqpg
d1yah3u|d1yb3tw
d1y2cer|d1y4rmv
d1y2cer|d1y45kl
d1y4dbc|d1y50oy
d1y4dbc|d1y5bkt
d1y2zcr|d1y4abt
d1y4ide|d1y4ojl
d1yeux3|d1z0gxn
d1y5kzu|d1ykf5s
d1y8z92|d1ykd2z
d1y4ijh|d1yjx6x
d1y43um|d1y6iv5
d1y43um|d1y9z0o
d1y43um|d1y7vf0
d1y43um|d1y5v6g
d1y43um|d1y8jfl
d1y43um|d1yszzu
d1y5s8n|d1y7sd0
d1y5s8n|d1ycfyt
d1z1hm3|d1zc42u
d1y0045|d1y01vv
d1zcfwb|d1zhwnp
d1y7cbk|d1ydttr
d1yb2o7|d1ye57h
d1y519a|d1ydubt
d1y1pin|d1y49fq
d1y10uu|d1y12r9
d1y6p4v|d1y7fkn
d1yboje|d1yslyc
d1y5brv|d1y8ygj
d1yvs6w|d1yw71b
d1z3a63|d1zb0lw
d1y71wx|d1ycvt3
d1y7g9e|d1y8d8o
d1y7yuz|d1y8tu6
d1ymbri|d1z0etz
d1yesoy|d1yl45b
d1y349e|d1y757b
d1y7gc6|d1y7ldm
d1y6fuj|d1ybu5x
d1y81oy|d1y83hm
d1yi1li|d1yzlld
d1ybdxx|d1ymzjx
d1ybdxx|d1yo7l3
d1zn69n|d26miek
d1y2iyh|d1y3b81
d1y2d4x|d1y3hnv
d1y4z4y|d1y5vf2
d1y27lc|d1y500l
d1y36be|d1y5nss
d1y5l70|d1y9u15
d1y5l70|d1y60rm
d1y7gyb|d1yd1nz
d1y92y4|d1yd2ay
d1yb4u1|d1yesfq
d1yfzw0|d1yha3j
d1y7bk2|d1ydfjv
d1y49c9|d1yq5x6
d1yaksx|d1yammz
d1y5ycf|d1yab5w
d1y2aqo|d1y2c4i
d1y2ae0|d1y2d7t
d1y2dil|d1y2fbv
d1y4lu6|d1y4ott
d1y5k8x|d1y5rpt
d1y5xb6|d1y650j
d1y6bdn|d1y6ej7
d1y7c20|d1y7czt
d1y5dg9|d1y5n8b
d1y9gkw|d1z32vt
d1y88mf|d1y8a93
d1ya08z|d1yi1os
d1yry2s|d1yt6fs
d1y7b7k|d1ypwce
d1yqkh7|d1zasnk
d1y48vv|d1ye2nl
d1yb72p|d1yjx7i
d208z5u|d20gi1r
d1yg3n4|d1yj11l
d1y91aq|d1y95rl
d1ychii|d1ydet9
d1yi109|d1yiazd
d1yl2nq|d1yrfsd
d1z16wb|d1z4fj4
d1y8naq|d1yq5dj
d1y9d1g|d1yq64p
d1y2h6s|d1y2puz
d1y722t|d1y7cj9
d1y2cur|d1y707m
d1y72ei|d1y7sxg
d1y1t5w|d1y346o
d1y6ufe|d1y7t7m
d1y40pl|d1y4c98
d1y69hr|d1y6y39
d1y6p0r|d1y6s91
d1ya645|d1ybdmq
d1z6l1q|d1ziwoj
d1yauj6|d1yb7kv
d1yart2|d1yavg8
d1yb28m|d1ybu6l
d1ybwuk|d1yc73c
d1yc8fh|d1ydcwe
d1yek3l|d1yezqq
d1ycyzt|d1ye7fe
d1yh0qp|d1yla9t
d1ygulp|d1yjoh0
d1ymknr|d1z59b3
d1ymi2d|d1ynba9
d1y4mst|d1zd2bt
d1y58th|d1y5g5p
d1y7x5e|d20kavk
d1y7u37|d1y7wc8
d1y7o3k|d1yfmup
d1y7nm1|d1yafoy
d1y7lw6|d226xg7
d1y7js0|d1y7qux
d1y7jhe|d1ygayw
d1y7iev|d3dz181
d1y7gjz|d1y7yu3
d1y7fqq|d1y7j7g
d1y5yc5|d1yew7b
d1y3pk2|d1y5hky
d1y60d8|d1y69a7
d1y7v5v|d1y80gp
d1y4k3g|d1y7wuo
d1y7mbi|d1y80vs
d1y7mbi|d1y8gx0
d1y4u4m|d1ycufk
d1y62ag|d20rksc
d47of8u|d47oxyd
d1y74gg|d1y7j7b
d1y6klz|d1y8xz2
d1y6uzo|d1y8rgy
d1y93ri|d1y97v0
d1yaet5|d1z4i4l
d1y7sd4|d1y90ya
d1y7c0l|d1yh690
d1y7vws|d1y8528
d1y8k93|d1y8le9
d1y8mxg|d20lxd5
d1y9b8c|d1y9jjn
d1yb525|d1yb54f
d1yabcw|d1yacs4
d1ybj27|d1yc08o
d1ybczd|d1ye6id
d1ybdma|d1ye95y
d1ybc2j|d1ywkzb
d1ycbdb|d1yejje
d1yc397|d1ycfqo
d1ydj8w|d1yf68p
d1yjbfm|d1ylu99
d1yjopi|d1yjv7l
d1z5pxf|d1z5wie
d7olswo|d7osn41
d7olrnf|d870218
d1y49mo|d1y7bhs
d1y49mo|d1y5u0p
d1y5rdt|d1yjw99
d1yb9cc|d1yw0xu
d1y4swd|d1y4wcu
d1yj9wj|d1ykmcn
d1xz9x7|d1xzboj
d1y9r1y|d1ydegx
d1y9r1y|d1ydj99
d1y9r1y|d1yduzr
d1y9r1y|d1ymij4
d1y9r1y|d1ycz4f
d1yaw8o|d1yd85f
d1yfike|d1yrugr
d1zqvad|d1zrauf
d1yhime|d1yhobm
d1yhime|d1yic6v
d1ycw54|d1yqsij
d1y9ae8|d1ybbrf
d1y9ae8|d1yagcr
d1y9ae8|d1zfm4l
d1y7poj|d1zflav
d1yenvu|d1zfnoa
d1y9vkf|d1yawev
d1yd0k9|d1yi3fr
d1yd1kh|d1yd8ee
d1ycux4|d1ydrsw
d1yd6v6|d1ydmb9
d1y9szz|d1yaqis
d1yxpf1|d1yyt06
d1ybqek|d1ygzl9
d1ybqek|d1yc3ln
d1ybqek|d1yg0op
d1ybqek|d1yhlga
d1ybqek|d1ycaec
d1ybqek|d1yhoqb
d1ybqek|d1ygs0x
d1ybqek|d1yhqpf
d1ybqek|d1yi7tt
d1ybqek|d1yj15l
d1ybqek|d1yjdj9
d1ybqek|d1yjieq
d1ybqek|d1yjz9v
d1ybqek|d1ylkq0
d1ybqek|d1ymjn0
d1ybqek|d1ympqc
d1ybqek|d1ytn32
d1ybqek|d1zchw4
d1ybqek|d1zd6x8
d1ybqek|d1zo8pc
d1ybqek|d1yftrt
d1ybqek|d1yhhgi
d1ybqek|d1yi38t
d1yaswh|d1yd17w
d1yg22c|d1ygd50
d1yd9qx|d1yg8na
d1yfs40|d1ygwh7
d23u4sz|d24rbaq
d20g5cp|d20odcg
d1yn4zz|d1yre4w
d1yco34|d1ycw49
d1yco34|d1ycua1
d1yco34|d1ynp23
d1yco34|d1yryus
d1ydnsr|d1yh4fx
d1ydnsr|d1yg16b
d1ydnsr|d1ylywl
d1y5z8f|d1y69sc
d1y5z8f|d1y8gs3
d1y5z8f|d1y732w
d1y5z8f|d1y7bq2
d1y5z8f|d1yfunc
d1y5z8f|d1y8iy5
d1y5z8f|d1yt4a2
d1y5z8f|d1ybbrg
d1y5z8f|d1ybvuh
d1y5z8f|d1ycqm8
d1y5z8f|d1yd5n5
d1y5z8f|d1yeeuz
d1y5z8f|d1yihe1
d1y5z8f|d1yp085
d1y6oiz|d1y91gg
d1y6oiz|d1y9de3
d1y6oiz|d1yc5pw
d1y6oiz|d1yb1l8
d1y6oiz|d1ygm0g
d1y6oiz|d1zk0p5
d1y6oiz|d1ydh1l
d1y6oiz|d1yg3wp
d1y6oiz|d1ygl3n
d1y6oiz|d1ycmll
d1y7o2z|d1ycfxt
d1y7o2z|d1ycgm5
d1y7o2z|d1ye44s
d1y7o2z|d1yfh5w
d1y7o2z|d1yf6hk
d1y7o2z|d1yjn7r
d1y7o2z|d1yp2ua
d1y83fr|d1yaum7
d1y83fr|d1ye9bh
d1y624k|d1y6phm
d1y624k|d1y7165
d1y624k|d1yd2dl
d1y624k|d1y6y6g
d1y5vfi|d1y614m
d1y5vfi|d1y6sqp
d1y5vfi|d1y83qx
d1y5vfi|d1y7gdk
d1y5vfi|d1y6nyz
d1y7ecs|d1yclvw
d1yb87j|d1yd4mc
d1y78uf|d1y7wvu
d1y78uf|d1y8tiq
d1yjfeb|d1ynv12
d1yjfeb|d1z1nq6
d1yjfeb|d1zch1p
d1yzatd|d1ze9cx
d1yratv|d1z6xko
d1yevkv|d1yjh71
d1ytjqi|d1yvrbb
d1yqf60|d20n15d
d1zefq1|d1zf03l
d1yi52g|d1yj5g7
d1yi52g|d1yl79o
d1yrgcu|d1zsrid
d1yrcsu|d1yrgon
d1yr6y5|d1z3dw7
d1yqjui|d1yus0k
d1z9wp5|d1zafvq
d20sspp|d2153gx
d1yni4s|d1yov4j
d1y8k9e|d1yajxo
d1y8k9e|d1yfkfp
d1y8k9e|d1yj60m
d1y8k9e|d1yeyqe
d1y8k9e|d1yflvw
d1y8k9e|d1z5o9l
d1y8k9e|d1yjedj
d1y8k9e|d2zipn1
d1yigx1|d1yj14q
d1yigx1|d1yj3jc
d1yh3hm|d1yite4
d1y8l8p|d1y8ug5
d1ya9fx|d1yphar
d1y7iao|d1y7zol
d1y7iao|d1yk9ar
d1y7iao|d1ykl3t
d1y7iao|d1yea6q
d1y7n54|d1y7yxr
d1y7n54|d1ymb5n
d1y7n54|d1yjyfv
d1y7n54|d1ycmwz
d1y7vgc|d1y80cl
d1ybaqr|d1ye4xd
d1ybaqr|d1yf9qu
d1ybqfd|d1yci7k
d75xne2|d766cka
d1y97bt|d1ya0t1
d1yn9bi|d1yq67e
d1yiiys|d1ypyab
d1yole4|d1yqib1
d1yndeo|d1yqi2b
d1yn7za|d1ynfjf
d1y73as|d1y86pl
d1y97qw|d1y9a9d
d1yad79|d1yan7i
d1z0rjj|d1z2tzy
d1y8a64|d1ya95u
d1y8a64|d1yazkc
d1y7ikn|d1y811u
d1y7ikn|d1yorm2
d1y7ikn|d1yb90l
d1y7ikn|d1ydomn
d1y7ikn|d1ydmj2
d1y7ikn|d1yeb52
d1y7ikn|d1yjxx9
d1y7ikn|d205jq9
d1y8eka|d1yjl2l
d1y91sq|d1yb71m
d1y9f0d|d1ygbf1
d1y9f0d|d1yd27m
d1y9f0d|d1yhhkc
d1y9f0d|d1yiq95
d1y9f0d|d1yqwsn
d1y9f0d|d1yj9r1
d1y8rz1|d1yio4u
d1y8rz1|d1zaz36
d1y8rz1|d1ybamr
d1yb0gh|d1yo6wm
d1y8lpn|d1y90c4
d1ya1r1|d1ydkpr
d1ya1r1|d1yet5r
d1ya1r1|d1yig1c
d1yh6ow|d1yiyu2
d1yh6ow|d1yuk03
d1y8u4y|d1yh9xq
d1yne8m|d1yogri
d1y8t8c|d1ypw4j
d1ycjkk|d1z73ln
d1yenqb|d1yh0uz
d1ygjo6|d1yhnp7
d1ygjo6|d1yiyzd
d1ygjo6|d1yhyfx
d1ygjo6|d1yi5k8
d1yk1aj|d2fnih7
d1yg1bu|d1yhx57
d1yftn3|d1ygfqq
d1yftn3|d1yh25h
d1yftn3|d1yia8s
d1yftn3|d1yj77h
d1y8w2g|d1y9wvw
d1y7266|d1y8fy5
d1y7266|d1y8m0b
d1y7266|d1ydw3j
d1y7266|d1ydedm
d1y7266|d1yjvjx
d1y7266|d1y8xsf
d1y7266|d1yfmgp
d1y7266|d1yikuo
d1y7266|d1yv2lq
d1y7266|d1y8tuf
d1y7qzw|d1y8d1g
d1y5bhf|d1y6rxm
d1y6qoo|d1y95yy
d1y8wru|d1ycyri
d1y82q0|d1y96qg
d1y8bh2|d1y8qwg
d1y4ooq|d1y7cb5
d1y4ooq|d1y5lps
d1y4ooq|d1y9rwr
d1y4ooq|d1y6vok
d1y4ooq|d1y9ygi
d1y4ooq|d1ybsll
d1y4ooq|d1yfd6c
d1y4ooq|d1yh8vn
d1y4ooq|d1ygkbm
d1y4ooq|d1yl4hi
d1y4ooq|d1yzxln
d1y4ooq|d1y90j9
d1y4ooq|d1y7i2w
d1y4ooq|d1yh1uj
d1y4ooq|d1yhxll
d1y4ooq|d1yi587
d1y4ooq|d1yj742
d1y4ooq|d1yltpv
d1y4ooq|d1ymkjy
d1y4ooq|d1yn4dj
d1y4ooq|d1ynrj1
d1y4ooq|d1ychz1
d1yds9n|d1yelc6
d1yds9n|d1ynmql
d1y5gb3|d1y9oi5
d1y5gb3|d1ya9ff
d1y5gb3|d1y8tes
d1y5gb3|d1y9sd6
d1y5gb3|d1yd1mw
d1y5gb3|d1y9ba4
d1y5gb3|d1ybu4l
d1y5gb3|d1ywrx7
d1y5gb3|d1ym94u
d1y5gb3|d1y78rk
d1y6bco|d1ycjac
d1y6bco|d1y8uc4
d1y6bco|d1y9vfz
d1y6bco|d1y88yj
d1y6bco|d1ycgy2
d1y6bco|d1ydpox
d1y6bco|d1ye8kz
d1y6bco|d1yevn3
d1y6bco|d1yfp59
d1y6bco|d1yigtm
d1y6bco|d1y865j
d1y6bco|d1y98kd
d1y6bco|d1ybew0
d1y8y2x|d1yb9uh
d1y8hrr|d1yb5pa
d1y72u1|d1y86r2
d1y72u1|d1y8it0
d1y5zgv|d1y7vcg
d1y5zgv|d1yeg2w
d1y5zgv|d1yi0lw
d1y5zgv|d1z5se8
d1y5zgv|d22jk1j
d1y7xe7|d1ydnwp
d1y7xe7|d1yjb7a
d1z67w9|d1z7yty
d1yngwk|d1yxbkj
d1z66cc|d1z6qa7
d1yf5dn|d1yflj3
d1y3edk|d1y4wbo
d1y4282|d1y48qh
d1y4282|d1y6cvt
d1y7yao|d1yephj
d1y7yao|d1yfeny
d1ycb81|d1yfdia
d1ydhhj|d1yfc6l
d1yagrd|d1ybgdb
d1yagrd|d1yfe5t
d1yf3kl|d1yfba5
d1y8vbz|d1ybknh
d1y4c4z|d1y4l71
d1y4c4z|d1y558m
d1y4c4z|d1y6xn6
d1y4c4z|d1y5ca0
d1y4c4z|d1y5pii
d1y4c4z|d1y62dw
d1y4c4z|d1y69sv
d1y4c4z|d1y6zgh
d1y4c4z|d1y7ipz
d1y4c4z|d1y8ri6
d1y4c4z|d1y9cgz
d1y4c4z|d1ya4h9
d1y4c4z|d1yf2nh
d1y4c4z|d1yfhxr
d1y4c4z|d1yfjcw
d1y4c4z|d1yflca
d1y4c4z|d1y7qt4
d1y4c4z|d1y6ba9
d1y4c4z|d1y747s
d1y4c4z|d1y7dgf
d1y4c4z|d1y8nto
d1y4c4z|d1y8tky
d1y4c4z|d1ya23l
d1y4c4z|d1yccij
d1y4c4z|d1yd3cn
d1y4c4z|d1ydt5j
d1y4c4z|d1yeb30
d1y4c4z|d1yfa9g
d1y4c4z|d1y5fhd
d1y4c4z|d1y71sf
d1yb25e|d1yu9o2
d1y3ubv|d1y457t
d1y5bpd|d1y5ihb
d1y5bpd|d1ybi45
d1y5bpd|d1y92li
d1y954t|d1ybvy5
d1y7i25|d1y7w76
d1yarw5|d1ycmml
d1ycmy7|d1yl0r1
d1y2x2g|d1y42ol
d1y2x2g|d1y7mhb
d1y2x2g|d1y7ccf
d1y2x2g|d1ybs1z
d1y2x2g|d1yd5mu
d1y2x2g|d1yd75w
d1y2x2g|d1yeon6
d1y2x2g|d1yft95
d1y2x2g|d1ygdai
d1y2x2g|d1z5dt3
d1y2x2g|d1ya8jq
d1y6yfq|d1ybfas
d1y6yfq|d1ypj9j
d1yvv10|d1z1reh
d1yxjwe|d1yxufc
d1y3hho|d1z2b0o
d1y7jj7|d1z2gxk
d1y63zn|d1y6xuj
d1y63zn|d1ycdgi
d1y2zpw|d1y4j1r
d1y2zpw|d1y3xlx
d1y2zpw|d1y4e1r
d1y2zpw|d1y4ae2
d1y2zpw|d1y4mg0
d1y2zpw|d1y3oot
d1y2zpw|d1y70ch
d1y33o6|d1y4kdj
d1y33o6|d1y3daj
d1y33o6|d1y37lx
d1y33o6|d1y4ez5
d1y33o6|d1y7cm9
d1y33o6|d1y7une
d1ycphx|d1ydoc7
d1ycphx|d1yfrmf
d1ycphx|d1yp7de
d1ycphx|d1ynyoh
d1y981v|d1ycbcp
d1y981v|d1yfmh4
d1y981v|d1ycbcs
d1yeprf|d1yfcl4
d1yewjn|d1yfbi5
d1yhjqk|d1zglxr
d1y6an1|d1ybgcf
d1y6an1|d1ycr4c
d1y6an1|d1ycsdx
d1y6an1|d1y8k2z
d1y6an1|d1y9zab
d1y6an1|d1y8qsz
d1y6an1|d1ybn8o
d1y6an1|d1ybaco
d1y6an1|d1ybcqe
d1y6an1|d1yfba3
d1y6an1|d1yftzh
d1y6an1|d1yg9kd
d1y6an1|d1yuhpu
d1y6an1|d1zxsqn
d1y6an1|d1y8t1l
d1y6an1|d1y9d7g
d1ybc8o|d1ygdiv
d1y5and|d1y7rd4
d1yfm73|d1yfrs1
d1yihx3|d1yj02z
d1y54s5|d1y5x03
d1y54s5|d1y5ri8
d1y54s5|d1y5sbk
d1y54s5|d1y5o7s
d1y54s5|d1y5qij
d1y54s5|d1y6mca
d1y54s5|d1yb5l6
d1y54s5|d1y5lhx
d1y54s5|d1y6558
d1y54s5|d20rvn9
d1y54s5|d1y6cax
d1y54s5|d1y6em4
d1y54s5|d1y5nj4
d1y4zor|d1y56pg
d1y4zor|d1y5886
d1y4z01|d1y5bt8
d1yctxa|d1ymiws
d1ybv86|d1yj6ln
d1y7n4h|d1yasi0
d1y7n4h|d1yc12v
d1y7byp|d1ykcch
d1y4o4l|d1y5rpw
d1y4o4l|d1y78cn
d1yhrxc|d1ykedm
d1yac4c|d1yaw7p
d1yac4c|d1yevcc
d1yk7qs|d1ylemn
d1y7u20|d1y80hh
d1y2fbc|d1y3as6
d1y2fbc|d1y5o80
d1y2fbc|d1y795u
d1y2fbc|d1y56ip
d1y2fbc|d1y6afa
d1y2fbc|d1y7s5p
d1y2fbc|d1y6zb3
d1y2fbc|d1yfuk6
d1y2fbc|d1y6hb7
d1y2fbc|d20s3kl
d1y5dco|d1y73bx
d1y5dco|d1y6556
d1y5dco|d1y9rcj
d1y5dco|d1y5uit
d1y5dco|d1ye7pa
d1y5dco|d1y70ga
d1y5dco|d1yd6e4
d1y5dco|d1y6c3a
d1y5dco|d1y8en0
d1y5dco|d1y8gta
d1y5dco|d1yajxg
d1y5dco|d1yg9yz
d1y5dco|d1ygo6m
d1y5dco|d1ykoez
d1y5dco|d1ynh1q
d1y5dco|d1yoibf
d1y5dco|d1yr5ox
d1y5dco|d1y6fwz
d1y5dco|d1yc41d
d1y94m3|d1yhi76
d1y5mu6|d1y5xz6
d1y5mu6|d1y659o
d1y5rw5|d1ycfok
d1y42o6|d1y4fip
d1y5ir5|d1y6xgi
d1y5ir5|d1z2tca
d1ykyak|d1z9s3u
d1xzbd6|d1xzeid
d1xzbd6|d1y5v5j
d1xzbd6|d1y4pq0
d1yfi7h|d1zhfv5
d1yfxwf|d1ykc7i
d1y4fpk|d1ybsu2
d1y5ipm|d1y6ovf
d1y5ipm|d1y6k0q
d1y5ipm|d1ycqyn
d1y5ipm|d1yir39
d1y5ipm|d1yfek8
d1y63ys|d1yg5e0
d1y63ys|d1ycy8h
d1y63ys|d1yeqx3
d1y63ys|d1yiza2
d1y63ys|d1yx2xi
d1y63ys|d1z3iff
d1y54i0|d1y8fcy
d1y54i0|d1yadhs
d1y54i0|d1ynq7b
d1y54i0|d1yd2ex
d1y54i0|d1y8h97
d1y54i0|d1ycd9f
d1y6vge|d1y7e5v
d1y64iv|d1y88wc
d1y3yuf|d1ycc3u
d1y3yuf|d1y6zyx
d1y515s|d1y6bsw
d1yak0a|d1ycgtt
d1yak0a|d1yebc0
d1ye50z|d1yehwu
d1y2dsp|d1y4bv7
d1y65r5|d1y73gj
d1yatxb|d1yb32n
d1y8p3k|d1ya800
d1ya02k|d1ygfbx
d1y3swc|d1y4cow
d1y3swc|d1y4nc8
d1y3swc|d1y4o1t
d1y3swc|d1y6b99
d1y3swc|d1y51vj
d1y3swc|d1y4x88
d1y3swc|d1y50h4
d1y3swc|d1y57c7
d1y3swc|d1y5fdi
d1y3swc|d1y5kd7
d1y3swc|d1y5klh
d1y3swc|d1y5b9b
d1y3swc|d1y5jpy
d1y3swc|d1y6dt1
d1y3swc|d1y6jxi
d1y3swc|d1y6mau
d1y3swc|d1y6uli
d1y3swc|d1y6wyd
d1y3swc|d1y78aa
d1y3swc|d1ydei1
d1y3swc|d1y6yzr
d1y3swc|d1y7ddh
d1y3swc|d1y7s6b
d1y3swc|d1y7tci
d1y3swc|d1y89gf
d1y3swc|d1y8stb
d1y3swc|d1y8zzt
d1y3swc|d1y95h5
d1y3swc|d1y96gi
d1y3swc|d1y9fjc
d1y3swc|d1y9iyw
d1y3swc|d1ybcng
d1y3swc|d1ydq9z
d1y3swc|d1yen1o
d1y3swc|d1yf7y9
d1y3swc|d1yfe3l
d1y3swc|d1yfqao
d1y3swc|d1yfqvu
d1y3swc|d1yia3s
d1y3swc|d1yifdz
d1y3swc|d1yir0z
d1y3swc|d1ykshp
d1y3swc|d1yn2g3
d1y3swc|d1z1e43
d1y3swc|d1z5sa5
d1y3swc|d1ziqrd
d1y3swc|d25y4vj
d1y48tz|d1y53ft
d1y48tz|d1y6mvd
d1y48tz|d1y7vod
d1y48tz|d1ygg0c
d1y7pk2|d1yb1ch
d1y5tnw|d1y602y
d1y7nny|d1y80ol
d1ybqvf|d1ybumc
d1y6msu|d1y70wc
d1y7v3j|d1y7z6h
d1yca5h|d1yhxln
d1ycfj4|d1yd90u
d1ye211|d1yeby7
d1yeh52|d1ygpb4
d1yes5p|d1yfupb
d7ntq6p|d7nw5s7
d1y5zrf|d1yz7w8
d1y5x6n|d1y616r
d1yd7ds|d1yepnf
d1y4q35|d1y7nyj
d1y4q35|d1z6gf6
d1y3r6j|d1y406g
d1y3r6j|d1y6hjf
d1y3r6j|d1y5ca6
d1y3r6j|d1y619r
d1y3r6j|d1y66bt
d1y3r6j|d1y76ua
d1y3r6j|d1y59x4
d1y3p3l|d1y44bx
d1y7jur|d1yg4xw
d1y7kwl|d1yfsn7
d1ykoaz|d1ymdb2
d1y8wn1|d1ygnps
d1y8wn1|d1yg3vs
d1y7njy|d1y8tsv
d1y7njy|d1ya7tt
d1ybyk2|d1yg2rq
d1ylud4|d1ymauh
d1yhjse|d1ymcna
d1yjvv7|d1z8xvv
d1y2ug0|d1y4a0g
d1y2ug0|d1y3mbp
d1y2ug0|d1y3jfz
d1y2ug0|d1y4vmt
d1y2ug0|d1y7fxh
d1y2kw8|d1y3g7f
d1y2kw8|d1y615g
d1y21zq|d1y2xrb
d1y21zq|d1y2ju0
d1y21zq|d1y2o6x
d1y21zq|d1y32td
d1y21zq|d1y5t2y
d1y21zq|d1y2rcc
d1y5hh0|d1y6aos
d1ylloy|d1zdohi
d1y1uh6|d1y1zgo
d1y10a4|d1y1pjh
d1y10a4|d1y1wib
d1ynbb9|d1ynskb
d1y81sq|d1ybje8
d1y6t2v|d1yewb8
d1y6t2v|d1y6uvc
d1y6ujo|d1y6y9d
d1ycfy4|d1ye4q2
d1y6175|d1y63lq
d1yai6l|d1yb2zf
d1yah1y|d1ybovr
d1y0ebb|d1y0pop
d1y2qb5|d1y3gs8
d1y2qb5|d1y3wnm
d1y2qb5|d1y4ie7
d1y2qb5|d1y4tnc
d1y2qb5|d1y594g
d1y2qb5|d1y5anw
d1y2qb5|d1y5cgj
d1y2qb5|d1y5ohq
d1y2qb5|d1y5rkf
d1y2qb5|d1y6qqk
d1y2qb5|d1y6rzx
d1y2qb5|d1y7zez
d1y2qb5|d1y8c90
d1y2qb5|d1yawxa
d1y2qb5|d1ykzsq
d1y2qb5|d1yrmnw
d1y2qb5|d1y7xga
d1y2qwy|d1y4448
d1y2qwy|d1y8u10
d1y2qwy|d1y4czd
d1y2qwy|d1yf9ry
d1y2qwy|d1y466m
d1y2q5u|d1y5t4v
d1y2q5u|d1y39rq
d1y3nry|d1y4js5
d1y3nry|d1y4afd
d1y5fdy|d1y8nhw
d1y5fdy|d1yc4yt
d1ya4zs|d1yzx8l
d1ya79d|d1yzwpm
d1y012o|d1y1b6o
d1y012o|d1y2l90
d1y012o|d1y2ncj
d1y012o|d1y35qf
d1y012o|d1y5dcw
d1y012o|d1y5ep6
d1y012o|d1y7yq6
d1y012o|d1ya18n
d1y012o|d1ybmld
d1y012o|d1yglnj
d1y012o|d1y17n1
d1y9diu|d1yaztq
d1y9diu|d1ydawp
d1y9avc|d1yfm83
d1y9cwv|d1ycp0a
d1y9cwv|d1y9hb0
d1zi458|d1zrdn5
d1y04ph|d1y10yb
d1y192b|d1y1fjc
d1y192b|d1y94lk
d1yb3tw|d1zet6k
d1y45kl|d1y4jz6
d1z0gxn|d1z25xu
d1y6iv5|d1y7n9a
d1y01vv|d1y36ws
d1zhwnp|d1zik1m
d1ye57h|d1yek4j
d1ye57h|d1zmbkc
d1ye57h|d1zpsmk
d1y12r9|d1y15ef
d1y12r9|d1y7jde
d1y8ygj|d1yahau
d1zb0lw|d1zdza0
d1y8d8o|d1y8fio
d1y8d8o|d1zhpbv
d1y8tu6|d1ya425
d1y8tu6|d1yvwmp
d1yl45b|d1ymyja
d1y757b|d1y79bb
d1y7ldm|d1y7phe
d1yzlld|d1ze80a
d1yo7l3|d1z2goc
d1y5vf2|d1y6hrl
d1y5vf2|d1yqylk
d1y500l|d1y57qm
d1y500l|d1yazqw
d1y9u15|d1yaise
d1yd1nz|d1yewk7
d1yd2ay|d1ydazp
d1yesfq|d1zmbt3
d1ydfjv|d1yycmk
d1yammz|d1yncmb
d1y2c4i|d1y2zv6
d1y2c4i|d1y6qxe
d1y2c4i|d1y3seh
d1y2c4i|d1y2ejc
d1y2c4i|d1y6ixp
d1y2d7t|d1y55jr
d1y2fbv|d1y2wj2
d1y4ott|d1y4qa9
d1y4ott|d1y6t9u
d1y7czt|d1y7gt7
d1y5n8b|d1y5yc0
d1yt6fs|d1ywear
d1ypwce|d1z0u4e
d1zasnk|d1zjq47
d1yjx7i|d1yvdbm
d20gi1r|d225ihy
d1y95rl|d1y9v27
d1ydet9|d1ye2vq
d1z4fj4|d1z524r
d1y7cj9|d1y8skw
d1y346o|d1y465s
d1y4c98|d1y4kfn
d1y6y39|d1y73l6
d1y6s91|d1y78i1
d1ybdmq|d1yeto7
d1yb7kv|d1ybx7f
d1yavg8|d1yb23y
d1yc73c|d1yd26c
d1ydcwe|d1zsh5n
d1yezqq|d1yh1yh
d1yjoh0|d1ylnt5
d1y7wc8|d1y7xoc
d1yafoy|d1yu318
d1y7qux|d1y7y8e
d3dz181|d3h5f41
d1y7j7g|d1y7ypt
d1y69a7|d1y6cbc
d1y80vs|d1y8ia2
d47oxyd|d47pap3
d1y8rgy|d1yppkq
d1z4i4l|d1zg2n1
d1y8le9|d1y8wmj
d1yc08o|d1yc99v
d1ye6id|d1ye9wd
d1yejje|d1zslef
d1ycfqo|d1ycohw
d1yjv7l|d1ykf9g
d7osn41|d7osqpk
d1y5u0p|d1y5x6q
d1y4wcu|d1y510g
d1ykmcn|d1yknrn
d1ykmcn|d1yoycc
d1xzboj|d1xzina
d1ydegx|d1ys0cv
d1ymij4|d1ynv18
d1ycz4f|d1yd8ld
d1ycz4f|d1yd8al
d1yd85f|d1yero6
d1yd85f|d1yeyww
d1yd85f|d1yhij3
d1yd85f|d1yla22
d1yrugr|d1yu2wv
d1zrauf|d1zrgyn
d1yhobm|d1yirop
d1yagcr|d1ye5je
d1yagcr|d1yb0p2
d1yagcr|d1ybeq9
d1yawev|d1yea99
d1yd8ee|d1ydamb
d1ydrsw|d1yotnq
d1yaqis|d1yd2xy
d1yaqis|d1ybos5
d1yyt06|d1zacce
d1ygzl9|d1yi2m8
d1yc3ln|d1ydqib
d1yg0op|d1yiah7
d1yg0op|d1yipo7
d1yhlga|d1yhrd7
d1yhlga|d1yidj5
d1ycaec|d1ydzht
d1ycaec|d1yfy9n
d1yhoqb|d1yhxah
d1ygs0x|d1yi9ve
d1yhqpf|d1yhuqg
d1yi7tt|d1yir4c
d1yj15l|d1yjduk
d1yjz9v|d1yk4za
d1ylkq0|d1yln5o
d1ympqc|d2bokak
d1yhhgi|d1yhzgl
d1yi38t|d1yids8
d1yd17w|d1ye9qd
d1ygwh7|d1yvy81
d1yre4w|d1z5rdr
d1ycw49|d1yk0qs
d1ycw49|d1yds28
d1ycw49|d1ymif0
d1ycw49|d1zhp44
d1ycw49|d1zkom6
d1ycw49|d3007wt
d1ycua1|d1yd7n6
d1ycua1|d1ytqhv
d1y69sc|d1y6mtn
d1y69sc|d1y86ze
d1y69sc|d1yjm0z
d1y69sc|d1y8scl
d1y69sc|d1y9x96
d1y69sc|d1ye25j
d1y69sc|d1y8l9z
d1y69sc|d1y8nye
d1y69sc|d1yc41z
d1y69sc|d1ycni4
d1y69sc|d1y6rjl
d1y69sc|d1y90la
d1y69sc|d1yatbx
d1y69sc|d1yjqcd
d1y8iy5|d1yap1j
d1ybvuh|d1ym1yk
d1ybvuh|d1z5jx5
d1yihe1|d1ynb7e
d1yp085|d1yvte7
d1y91gg|d1y98up
d1y91gg|d1yavtt
d1y91gg|d1ydft2
d1y91gg|d1yd9xw
d1y91gg|d1yd9y7
d1y91gg|d1ykrds
d1y91gg|d1ya8p9
d1y91gg|d1ydpg2
d1y91gg|d1ycpp3
d1y91gg|d1ydh8r
d1y91gg|d1yg6z8
d1y91gg|d1yhyje
d1y91gg|d1yjnuk
d1y91gg|d1yjqzb
d1y91gg|d1z0yjo
d1y91gg|d1z2mfj
d1y91gg|d1yd39h
d1y91gg|d1ye4s6
d1y9de3|d1yb5om
d1yb1l8|d1yc3fx
d1zk0p5|d1zk5jo
d1ydh1l|d1ykkt2
d1ygl3n|d1ykll9
d1ycfxt|d1ydv1z
d1ycfxt|d1yhlrg
d1ycfxt|d1yfyx6
d1ycgm5|d1ye21u
d1yjn7r|d1z0l6e
d1ye9bh|d1yuze2
d1y6phm|d1y6zsw
d1y6phm|d1y6rvf
d1y6y6g|d1ycnoh
d1y6y6g|d1ycxwb
d1y614m|d1y63tm
d1y614m|d1y6oe7
d1y614m|d1y6ofh
d1y614m|d1y7ide
d1y614m|d1y6460
d1y6sqp|d1y8kwg
d1y6sqp|d1ycoyk
d1y6nyz|d1y6x0x
d1y6nyz|d1y85is
d1y6nyz|d1ydelv
d1yd4mc|d203hoh
d1y7wvu|d1y7zm9
d1y8tiq|d1yb9x5
d1ynv12|d1yq024
d1ze9cx|d1zxj5a
d1z6xko|d1z9a2p
d20n15d|d20twa2
d1yj5g7|d1yl1o8
d1yl79o|d1zg6eu
d1z3dw7|d1z4rtk
d1zafvq|d1zbos1
d2153gx|d217gcu
d1yajxo|d1yex28
d1yfkfp|d1ygwzz
d1yeyqe|d1yy5bu
d1yjedj|d1ykuo0
d2zipn1|d2zj2d8
d1yj3jc|d1ym26m
d1yite4|d1yk2ur
d1yphar|d1yrsvg
d1y7zol|d1y8kec
d1y7zol|d1yp660
d1yk9ar|d1z5wzm
d1yea6q|d1ylwkc
d1yea6q|d1z5y08
d1y7yxr|d1y920o
d1y7yxr|d1y90ha
d1y7yxr|d1y9g10
d1y7yxr|d1y8lk8
d1y7yxr|d1ymb5v
d1y7yxr|d1y8l8e
d1ymb5n|d1yo7oe
d1ycmwz|d1yjxgq
d1y80cl|d1yhmi4
d1ye4xd|d1yiawy
d766cka|d766jp9
d1ya0t1|d1yn0qd
d1ya0t1|d1yndqb
d1yqib1|d1yu2cl
d1y86pl|d1y8gm9
d1y86pl|d1y89yp
d1y86pl|d1y88vx
d1y86pl|d1y8ert
d1y86pl|d1y9kw2
d1y86pl|d1ygo85
d1yazkc|d1yc4an
d1y811u|d1yan1b
d1y811u|d1y8glr
d1y811u|d1y8imn
d1y811u|d1ya5gw
d1y811u|d1yd59a
d1y811u|d1ygjku
d1y811u|d1yi9le
d1y811u|d1ylzkr
d1y811u|d1ym87z
d1y811u|d1ys7rz
d1yb90l|d1ykkdm
d1ygbf1|d1ypqpx
d1yd27m|d1yd9d2
d1ybamr|d1yd6u4
d1yo6wm|d1yocf1
d1yet5r|d1yf2b6
d1yig1c|d1ym6nx
d1yiyu2|d1yk7ll
d1yh9xq|d1yirof
d1ypw4j|d1zjrh9
d1z73ln|d1z7mv5
d1yhnp7|d1yhzix
d2fnih7|d2fp1qd
d1yhx57|d1ym4uv
d1yhx57|d1ykr5q
d1ygfqq|d1yh4o8
d1ygfqq|d1yj4ma
d1y8m0b|d1y9qv6
d1y8m0b|d1yb1xr
d1yv2lq|d1z50wu
d1y8d1g|d1yfi2z
d1y6rxm|d1y8q6h
d1y96qg|d1yb72j
d1y7cb5|d1y8yl0
d1y7cb5|d1ydnqk
d1y7cb5|d1yhfko
d1y7cb5|d1yii31
d1y5lps|d1y6vkn
d1y5lps|d1ye342
d1y9rwr|d1ydu4v
d1yh8vn|d1zftva
d1y90j9|d1y9b99
d1y7i2w|d1y7v1g
d1y9oi5|d1z9iap
d1y8tes|d1yarfl
d1ycjac|d1ygpdi
d1ycjac|d1zf5sy
d1y8uc4|d1y9s1s
d1y8uc4|d1y9ane
d1y8uc4|d1ya0ki
d1y8uc4|d1ydywx
d1y8uc4|d1zfc6p
d1y9vfz|d1yelb7
d1y88yj|d1yencu
d1y88yj|d1ygsm8
d1y88yj|d1zfkvu
d1ydpox|d1zeoiy
d1ye8kz|d1zej6r
d1yevn3|d1zegsc
d1yfp59|d1zediv
d1yigtm|d1ze8h3
d1y865j|d1zfm6g
d1ybew0|d1ycoou
d1ybew0|d1zevd9
d1z5se8|d1z5zu6
d1z7yty|d1zj9m8
d1z6qa7|d1z7942
d1y4wbo|d1y58kd
d1y4wbo|d1y73ai
d1y48qh|d1y86lh
d1y6cvt|d1y8wx2
d1yephj|d1yiwpt
d1yfeny|d1ygr9a
d1yfdia|d1yh81g
d1yfdia|d1yjqml
d1yfc6l|d1yg7zo
d1yfc6l|d1ynukt
d1yfc6l|d1yg7f3
d1ybknh|d1yh639
d1ybknh|d1yh9c0
d1y4l71|d1y51l6
d1y4l71|d1y7q98
d1y558m|d1y5nmk
d1y558m|d1y679m
d1y558m|d1y6byi
d1y558m|d1y7fbq
d1y558m|d1y6eu1
d1y558m|d1y5z6p
d1y5ca0|d1y883w
d1y6zgh|d1y84z1
d1y7ipz|d1y81pq
d1yf2nh|d1yi8b9
d1yfhxr|d1yiaut
d1yfjcw|d1yi5q2
d1yflca|d1yi4v3
d1y7qt4|d1y8082
d1y747s|d1y83p2
d1y7dgf|d1y82fk
d1ya23l|d1yigrh
d1yfa9g|d1yia7k
d1y5fhd|d1y5y92
d1y5fhd|d1y87rg
d1y71sf|d1y84ll
d1y5ihb|d1y62tp
d1ybi45|d1yh0gn
d1y92li|d1yg280
d1ybvy5|d1yxqwi
d1y42ol|d1y4r9o
d1y42ol|d1y4tz2
d1y7mhb|d1y9jk4
d1y7mhb|d1y8snc
d1ybs1z|d1ybxpn
d1yd75w|d1ywa0q
d1ygdai|d1ywawv
d1z5dt3|d1zjon2
d1ya8jq|d1yaha0
d1ybfas|d1yhf64
d1y6xuj|d1yf9ww
d1y6xuj|d1zfno6
d1ycdgi|d1zer3u
d1y4j1r|d1y4vq2
d1y4j1r|d1y8ofx
d1y4j1r|d1y5f89
d1y3xlx|d1y4ct1
d1y3xlx|d1y54oh
d1y3xlx|d1y6t2g
d1y3xlx|d1y4hmn
d1y4e1r|d1y6zbu
d1y4mg0|d1y4sm4
d1y4kdj|d1y4mmw
d1y4kdj|d1y5lss
d1y4kdj|d1y5gfl
d1y4kdj|d1y6crk
d1y4kdj|d1y7e3j
d1y3daj|d1y76va
d1y3daj|d1y88j8
d1y4ez5|d1y4q3g
d1y4ez5|d1y4vgy
d1y7cm9|d1y7ikt
d1yfrmf|d1yo150
d1yp7de|d1z7prv
d1ycbcs|d1yim5z
d1yfbi5|d1ygh5h
d1ybgcf|d1ytuvq
d1ycsdx|d1ynik5
d1y9zab|d1yc2r4
d1y8qsz|d1yb18q
d1ybn8o|d1yneo0
d1ybaco|d1ynbs9
d1y8t1l|d1ynbm2
d1y9d7g|d1ycy3y
d1yj02z|d1yjly6
d1y5x03|d1y72ix
d1y5x03|d1y713p
d1y5ri8|d1y642w
d1y5o7s|d1y5qqz
d1y5qij|d1y5yto
d1y6mca|d1y8t8u
d1yb5l6|d1yez71
d1y6558|d1y686z
d1y6cax|d1y6qfq
d1y6em4|d1y6pvu
d1y56pg|d1y5abn
d1yasi0|d1ycgry
d1y5rpw|d1y6mug
d1yaw7p|d1ybwgw
d1yevcc|d1yi570
d1ylemn|d1ymgdi
d1y80hh|d1ynypj
d1y3as6|d1y5bq7
d1y3as6|d1y75vy
d1y3as6|d1y7qjw
d1y795u|d1y8vio
d1y73bx|d1y8f6b
d1y73bx|d1y8wa6
d1y73bx|d1ya29z
d1y73bx|d1ybrxc
d1y73bx|d1yf75i
d1y73bx|d1ymbqv
d1y73bx|d20rtfz
d1y6556|d1y7w2t
d1y6556|d1y8vzh
d1y9rcj|d1ye4ty
d1y9rcj|d1ycf7v
d1y5uit|d1y68jk
d1y5uit|d1y7paz
d1y8gta|d1yaswl
d1yc41d|d1ycy02
d1yhi76|d1zd5uk
d1y5xz6|d1y6njc
d1y4fip|d1y4hiv
d1y4fip|d1y4lgg
d1y6xgi|d1y82at
d1z9s3u|d1zbvxf
d1xzeid|d1xzl7x
d1y4pq0|d1y9pxk
d1zhfv5|d1zzgpt
d1ykc7i|d1yx70q
d1y6ovf|d1y82p7
d1y6ovf|d1y9pi3
d1y6ovf|d1ybnkx
d1y6ovf|d1ye6y5
d1y6ovf|d1yittc
d1y6ovf|d1yg3hd
d1y6ovf|d1ydvey
d1y6k0q|d1y80ti
d1y6k0q|d1y6z0y
d1ycqyn|d1z3lwf
d1yir39|d1z7f10
d1yir39|d1zghnq
d1yg5e0|d1yggw2
d1ycy8h|d1yfffx
d1yeqx3|d1yflj1
d1yiza2|d1yp032
d1y8fcy|d1y90d0
d1yadhs|d1ykre7
d1y7e5v|d1y7kb8
d1ycc3u|d1ygsw9
d1y6bsw|d1y74bp
d1y6bsw|d1y8d6e
d1y6bsw|d1yas2f
d1y6bsw|d1yg5ez
d1y6bsw|d1yi6p7
d1y6bsw|d1yjo2z
d1y4bv7|d1y7jq4
d1y4bv7|d1y51az
d1y4bv7|d1y7h7s
d1y4bv7|d1y6wfp
d1y4bv7|d1y6hsu
d1y4bv7|d1yaabj
d1y4bv7|d1yf7a7
d1y4bv7|d1ykzxz
d1ya800|d1yoj6s
d1ygfbx|d1yuqvp
d1y4cow|d1y63tg
d1y4nc8|d1y6bk2
d1y4nc8|d1y7okl
d1y6b99|d1y6h0s
d1y51vj|d1y7apk
d1y7nyj|d1y8byj
d1z6gf6|d1z8e74
d1y406g|d1y68un
d1y406g|d1y77rv
d1y406g|d1y5ygd
d1y5ca6|d1y5hm9
d1y59x4|d1y5j4j
d1yfsn7|d1ysq2m
d1ymdb2|d1ynuat
d1yg2rq|d1yhb03
d1y4a0g|d1yapeh
d1y4a0g|d1y60x5
d1y4a0g|d1y8ggu
d1y4a0g|d1y8wx5
d1y3mbp|d1y5hwn
d1y3jfz|d1y3z59
d1y3jfz|d1y3ywo
d1y3jfz|d1y3obh
d1y3jfz|d1y3va3
d1y3jfz|d1y4c4n
d1y3jfz|d1y4gmw
d1y3jfz|d1y4qon
d1y3jfz|d1y4ryj
d1y3jfz|d1y3t4g
d1y3jfz|d1y4f5j
d1y3jfz|d1y4nku
d1y3jfz|d1y55ue
d1y3jfz|d1y54o1
d1y3jfz|d1y587r
d1y7fxh|d1ye1oc
d1y7fxh|d1yhdgs
d1y3g7f|d1y44lz
d1y3g7f|d1y4oq3
d1y3g7f|d1y4pb5
d1y615g|d1y64v7
d1y2xrb|d1y6rvb
d1y2ju0|d1y30ws
d1y2ju0|d1y4u9n
d1y2ju0|d1y5r56
d1y2ju0|d1y6khf
d1y2o6x|d1y4sf3
d1y2o6x|d1y6rie
d1y2o6x|d1y9nva
d1y32td|d1y4b5r
d1y32td|d1y6vhr
d1zdohi|d1zxjk9
d1y1zgo|d1ybfwv
d1ynskb|d1ynze5
d1y6uvc|d1y6wdw
d1y6uvc|d20a1du
d1y6y9d|d1y74sq
d1ye4q2|d1yee20
d1yb2zf|d1z27oy
d1ybovr|d1z28sj
d1y0pop|d1y0sre
d1y3gs8|d1y47tj
d1y3gs8|d1y6aa7
d1y3gs8|d1y7d9n
d1y3gs8|d1yji9c
d1y3gs8|d1y57z1
d1y3wnm|d1y57ec
d1y594g|d1yk8nu
d1y5rkf|d1y6m0g
d1y5rkf|d1y6pgg
d1ykzsq|d1ynjmz
d1y4448|d1y4y4d
d1y4448|d1ycz0x
d1y4448|d1y4avk
d1y466m|d1y6n9k
d1y4js5|d1zk4i5
d1y4js5|d1ygpu6
d1y4afd|d1zk3q4
d1y1b6o|d1y1gbn
d1y1b6o|d1y4sxc
d1y1b6o|d1y5muj
d1y1b6o|d1y5wsa
d1y1b6o|d1y5y9h
d1y1b6o|d1y77ds
d1y1b6o|d1y9pch
d1y17n1|d1y3sgg
d1y17n1|d1y1i1l
d1y17n1|d1y2nf4
d1y17n1|d1y3d35
d1y17n1|d1y4bn4
d1y17n1|d1y2kca
d1y17n1|d1y2kaa
d1y17n1|d1y2iwl
d1y17n1|d1y58k5
d1y17n1|d1y5hdi
d1y17n1|d1y5rtw
d1y17n1|d1y61qr
d1y17n1|d1y4t6p
d1y17n1|d1y5zbx
d1y17n1|d1y5qqo
d1y9hb0|d1y9j8t
d1y1fjc|d1y1tll
d1y94lk|d1ye6lx
d1y94lk|d1ybb7i
d1zet6k|d1zlwyn
d1y4jz6|d1y4s6a
d1y36ws|d1y3bij
d1yek4j|d1yf78h
d1zmbkc|d20bkcx
d1zpsmk|d20bgb9
d1y15ef|d1y187s
d1yahau|d1yk52v
d1yahau|d1yajdo
d1zdza0|d1zeqgo
d1y8fio|d1yhvr9
d1ya425|d1ygjs3
d1yvwmp|d1yw4ug
d1y79bb|d1y7o2a
d1y7phe|d1y7u9s
d1z2goc|d1z3wb5
d1yaise|d1yamr6
d1yycmk|d1z02dq
d1y2zv6|d1y341l
d1y3seh|d1y3vri
d1y2ejc|d1y2ibw
d1y2wj2|d1y35hv
d1y4qa9|d1y4rnm
d1y7gt7|d1y7hau
d1zjq47|d1zjt8z
d225ihy|d226xia
d1y8skw|d1y9usp
d1y78i1|d1y7khm
d1yb23y|d1yd3ys
d1yd26c|d1ydo6a
d1zsh5n|d22i96x
d1y8wmj|d1zfzjc
d1ycohw|d1yd4pk
d1ykf9g|d1ym3zh
d7osqpk|d7ot1gw
d1y5x6q|d1y61uj
d1ynv18|d1yopgi
d1yero6|d1yfd6n
d1yu2wv|d1yvgof
d1ye5je|d1yfw8f
d1yea99|d1yevym
d1ydamb|d1ydjd6
d1yotnq|d1yp9l2
d1ybos5|d1yc9uw
d1yi2m8|d1ykggh
d1ydqib|d1yhvgk
d1yiah7|d1yjd9w
d1yiah7|d1yjfnt
d1yidj5|d1z3fkp
d1ydzht|d1yin8q
d1ydzht|d1yjk96
d1ydzht|d1yj4ze
d1ydzht|d1yjep1
d1ydzht|d1yjqmq
d1ydzht|d1ym3xy
d1ydzht|d1yzepy
d1yfy9n|d1yn6s6
d1yhxah|d1ympgx
d1yhuqg|d1yhzkz
d1yjduk|d1zbxhw
d2bokak|d2bun8i
d1yhzgl|d1yil41
d1ye9qd|d1yf2gz
d1yk0qs|d1yly6c
d1yk0qs|d1ymds7
d1yds28|d1ygpyv
d1yds28|d1yez2t
d1ymif0|d1ynb0i
d1yd7n6|d1ydyb6
d1yd7n6|d1yel76
d1ytqhv|d1yye7x
d1y6mtn|d1y7kmu
d1y86ze|d1y8fsg
d1y86ze|d1yctbx
d1y86ze|d1yd175
d1y86ze|d1yef9h
d1y86ze|d1yd0v6
d1y86ze|d1ydaia
d1y86ze|d1ymk1w
d1y86ze|d1yqp3m
d1yjm0z|d1yl5xn
d1y8nye|d1y8q91
d1y6rjl|d1y79sf
d1y6rjl|d1y71yd
d1y6rjl|d1y7ah6
d1y6rjl|d1y7so4
d1y6rjl|d1y6vq6
d1yjqcd|d1yl86z
d1yap1j|d1ylghg
d1ym1yk|d1yrnhw
d1z5jx5|d1z98nx
d1y98up|d1ydb5r
d1y98up|d1ycb4g
d1y98up|d1yckoc
d1y98up|d1yhxjw
d1y98up|d1yl7ww
d1y98up|d1ygql4
d1y98up|d1yix7h
d1ydft2|d1yg040
d1ydpg2|d1ye4a4
d1zk5jo|d1zka2y
d1ydv1z|d1yeepv
d1ydv1z|d1ye7m9
d1ydv1z|d1ye6hl
d1yhlrg|d1yqjqe
d1ye21u|d1yfs8d
d1ye21u|d1yeemq
d1ye21u|d1yi5z6
d1ye21u|d1yt630
d1ye21u|d1yexen
d1y6zsw|d1y86mx
d1y6rvf|d1y6z3y
d1y6rvf|d1y70h8
d1y63tm|d1y66zw
d1y63tm|d1y6o5x
d1y6ofh|d1y7ftu
d1y6460|d1y6y7e
d1ycoyk|d1ygk9f
d1ycoyk|d1ygebk
d1y6x0x|d1y70g0
d1y85is|d1y887q
d1y7zm9|d1yacxw
d1y7zm9|d1y8750
d1yq024|d1zgel4
d20twa2|d23p4ts
d1zg6eu|d1zskx5
d1zbos1|d1zcd67
d1yex28|d1yhid1
d1ygwzz|d1zru6u
d2zj2d8|d2zj5g3
d1yp660|d1yv4wj
d1ylwkc|d1yn6kd
d1y920o|d1y9m15
d1y920o|d1y9mmf
d1y8l8e|d1y9476
d1yiawy|d1yolpg
d1yn0qd|d1zbo0p
d1yu2cl|d1yw07g
d1yu2cl|d1z4m0j
d1y8gm9|d1y8sxa
d1y8gm9|d1y8mjm
d1y89yp|d1y8g1m
d1y88vx|d1y8dkn
d1y8ert|d1y8nua
d1yan1b|d1yedqz
d1yan1b|d1ymero
d1y8glr|d1y8stk
d1y8glr|d1y8z06
d1ygjku|d1ysf8v
d1yi9le|d1yryq6
d1ylzkr|d1yrntm
d1ym87z|d1yre5r
d1ys7rz|d1yybmw
d1ypqpx|d1ypt70
d1yd6u4|d1ye7oo
d1yd6u4|d1yxfjp
d1yocf1|d24q43z
d1yf2b6|d1ygpum
d1yf2b6|d1ykxa9
d1zjrh9|d1zjxd1
d1z7mv5|d1zbb63
d1yhzix|d1yifs4
d1yhzix|d1yiabe
d1yhzix|d25l1ud
d1yhzix|d2yu7jy
d1yj4ma|d1yjk19
d1yj4ma|d1yjpcx
d1yj4ma|d1z1wdv
d1y9qv6|d1ya2sl
d1y9qv6|d1y9u7j
d1y9qv6|d1ygpp8
d1yb1xr|d1yvbs2
d1yb1xr|d1ycogo
d1yfi2z|d1yj6fr
d1y8yl0|d1yij08
d1y8yl0|d1yk3kt
d1y8yl0|d1yuapg
d1y8yl0|d1yjiik
d1y8yl0|d1yw8ce
d1ydnqk|d1yg3dv
d1y6vkn|d1yavxm
d1y6vkn|d1ya41o
d1y6vkn|d1y82yv
d1y6vkn|d1ydlv4
d1y6vkn|d1y73ht
d1y6vkn|d1ynkdb
d1ydu4v|d1ygd52
d1ygpdi|d1ynu78
d1y9s1s|d1yg3l0
d1y9s1s|d1ybjbt
d1y9s1s|d1zfdxo
d1ydywx|d1zffwx
d1ze8h3|d1znut5
d1zfm6g|d1zgi55
d1ycoou|d1zez7f
d1y58kd|d1y9bfw
d1y73ai|d1y8nk1
d1y86lh|d1y8er3
d1yiwpt|d1yizf2
d1ygr9a|d1zgo1v
d1yh81g|d1yhunz
d1yg7zo|d1ygt32
d1yh639|d1yibzu
d1yh9c0|d1yibs5
d1y51l6|d1y65wc
d1y51l6|d1y85w6
d1y51l6|d1y83pp
d1y51l6|d1y8god
d1y51l6|d1ybj8w
d1y51l6|d1y7yu9
d1y51l6|d1y5xti
d1y51l6|d1yaxis
d1y51l6|d1yeam1
d1y51l6|d1yjo75
d1y51l6|d1y72id
d1y51l6|d1yaud2
d1y5nmk|d1y5yxq
d1y5nmk|d1y606z
d1y679m|d1y6tsy
d1y6eu1|d1y78wd
d1y5z6p|d1y6dsb
d1yi5q2|d1ymblc
d1y82fk|d1y859c
d1y62tp|d1y687g
d1yxqwi|d1z2yms
d1y4r9o|d1y5k9n
d1y4r9o|d1y5l0y
d1y4tz2|d1y583b
d1y9jk4|d1ybrih
d1y8snc|d1yahbm
d1y8snc|d1ya9rg
d1y8snc|d1y94yf
d1ywa0q|d1yx1df
d1yf9ww|d1zfoj4
d1zer3u|d1zf3c6
d1y4vq2|d1y698q
d1y4vq2|d1y5hm4
d1y5f89|d1y5hqs
d1y4ct1|d1y4gzg
d1y54oh|d1y5wrl
d1y54oh|d1y6rz0
d1y54oh|d1y5tpt
d1y54oh|d1y7eqq
d1y54oh|d1y7nb8
d1y6t2g|d1y7oeh
d1y4hmn|d1y4yq4
d1y4mmw|d1y5zn6
d1y4mmw|d1y6gve
d1y5lss|d1y6t26
d1y7e3j|d1y8z2w
d1y88j8|d1yayln
d1yc2r4|d1yczoq
d1yc2r4|d1yga4w
d1yc2r4|d1yda6f
d1yb18q|d1yddy2
d1ycy3y|d1z9goy
d1y713p|d1y7xr7
d1y713p|d1y8lag
d1y713p|d1y8r9c
d1y642w|d1y66px
d1y5yto|d1y63j9
d1yez71|d1z4gy9
d1y6qfq|d1y70zw
d1yi570|d1yin79
d1ymgdi|d1ymi9v
d1ynypj|d1zm5t5
d1y5bq7|d1yalz8
d1y5bq7|d1z2bkb
d1y7qjw|d1z2hea
d1y8vio|d1y9nof
d1y8vio|d1yba2m
d1y8vio|d1ydga1
d1y8vio|d1yddql
d1y8vio|d1yfn04
d1y8vio|d1yga6g
d1y8vio|d1z0ied
d1y8f6b|d1ykfz8
d1y8wa6|d1ykvl4
d1ya29z|d1ykb1c
d1ybrxc|d1yls3x
d1yf75i|d1ykmgx
d1y7w2t|d1y9jky
d1y7w2t|d1ya3dy
d1ye4ty|d1yfqvf
d1ycy02|d1zqqjf
d1zd5uk|d1zq2ok
d1y4hiv|d1y4spq
d1y4lgg|d1y4sg9
d1xzl7x|d1xzp91
d1xzl7x|d1y3xoi
d1yx70q|d1yzv1l
d1y82p7|d1yxxtc
d1ybnkx|d1z3eon
d1ye6y5|d1yhn8z
d1y6z0y|d1y8l3o
d1y6z0y|d1yfiim
d1y6z0y|d1z6g6n
d1y6z0y|d1y98ch
d1z3lwf|d1z4kks
d1z7f10|d1zlyy1
d1zghnq|d1zlfl9
d1yggw2|d1yhsz8
d1yflj1|d1ygig9
d1ykre7|d1yxq61
d1y7jq4|d1ynt9z
d1y6wfp|d1ynzmx
d1yf7a7|d1yo02o
d1yf7a7|d1zemea
d1y6bk2|d1y6ntw
d1y6bk2|d1y7995
d1y6bk2|d1yzahm
d1y8byj|d1y9n6e
d1y5hm9|d1y5t26
d1y5j4j|d1y69t9
d1ynuat|d1yp2gf
d1y5hwn|d1y7e5f
d1y3z59|d1y4k8f
d1y3z59|d1y5oib
d1y3ywo|d1y4bg7
d1y3obh|d1y42cf
d1y3obh|d1y5jzr
d1y3obh|d1y51pa
d1y3obh|d1y5xip
d1y3obh|d1y4zix
d1y3obh|d1y6hcj
d1y3obh|d1y4bkp
d1y3obh|d1y5ybv
d1y3obh|d1y65vn
d1y3obh|d1y8at5
d1y3obh|d1yb0v1
d1y3obh|d1yf2tl
d1y3obh|d1y5dg3
d1y3va3|d1y4t22
d1y4gmw|d1y4kax
d1y4ryj|d1y4vjv
d1y4f5j|d1y4g16
d1y4nku|d1y4rk5
d1y64v7|d1y7exq
d1y30ws|d1y4yyk
d1y30ws|d1y6q30
d1y30ws|d1z2e2z
d1y4u9n|d1z27ls
d1y5r56|d1z26t6
d1y6khf|d1z24y9
d1y4sf3|d1y4wbd
d1y6rie|d1y6ycx
d1y4b5r|d1y4o3w
d1y4b5r|d1ya0lk
d1y6vhr|d1y6xok
d20a1du|d20guyx
d1y74sq|d1y77un
d1yee20|d1yer9l
d1y0sre|d1y0v29
d1y47tj|d1y4evv
d1y47tj|d1y4mhd
d1y47tj|d1y5kmc
d1y47tj|d1y4iit
d1y47tj|d1y6k3m
d1y47tj|d1y6qyd
d1y47tj|d1y79gi
d1y47tj|d1y7irj
d1y47tj|d1y8p2y
d1y47tj|d1y9xly
d1y47tj|d1yawfc
d1y47tj|d1ydj4v
d1y7d9n|d1ycybg
d1yk8nu|d1ysnd8
d1y6pgg|d1yuzkk
d1y4y4d|d1y5edm
d1y4avk|d1y4i7j
d1y6n9k|d1y708t
d1y1gbn|d1y5hei
d1y4sxc|d1y89lm
d1y4sxc|d1y6lgx
d1y4sxc|d1y63cg
d1y4sxc|d1ybaqt
d1y4sxc|d1y6845
d1y4sxc|d1ygiej
d1y3sgg|d1y66gh
d1y3sgg|d1ybhr9
d1y1i1l|d1y1z7o
d1y3d35|d1y6gbf
d1y2kca|d1y63gg
d1y2kca|d1y5qfm
d1y2kaa|d1yfp2j
d1y2kaa|d1y5ovm
d1y2iwl|d1y4nom
d1y2iwl|d1y2qah
d1y2iwl|d1y3m56
d1y2iwl|d1y5lvn
d1y58k5|d1yahtz
d1y9j8t|d1y9ohg
d1y3bij|d1y3sts
d1y3bij|d1y3mnj
d20bkcx|d20z1z5
d20bgb9|d22h92g
d1y187s|d1y1qt1
d1yajdo|d1yl36z
d1zeqgo|d2074ev
d1yhvr9|d1yw8tc
d1ygjs3|d1yi8xl
d1ygjs3|d1yqr1i
d1y7u9s|d1y82vk
d1z3wb5|d1z9amt
d1yamr6|d1ybgmv
d1y341l|d1y3irj
d1y341l|d1y8f5q
d1y3vri|d1y3yzr
d1y2ibw|d1y5ux4
d1y2ibw|d1y2pv1
d1y35hv|d1y5vuz
d1y35hv|d1y3cxo
d1y7hau|d1y7qvo
d226xia|d22gfzz
d1y9usp|d1ya3i6
d1yd3ys|d1ye54r
d1ydo6a|d1yemg9
d7ot1gw|d7ou78y
d1y61uj|d1y669r
d1yhvgk|d1yib2t
d1yin8q|d1yj7tz
d1yjk96|d1ykc77
d1yjqmq|d1yk1zr
d1ym3xy|d1ymph1
d1yn6s6|d1yvwz8
d1ympgx|d1ynwcw
d1ympgx|d3acqf8
d1yhzkz|d1yicmr
d2bun8i|d2bxcdi
d1yil41|d1yj5ta
d1yf2gz|d1z13tg
d1ygpyv|d1ygz8r
d1ygpyv|d1z0hym
d1ygpyv|d2pppo5
d1yez2t|d1yf6x7
d1yel76|d1yg02z
d1yye7x|d1yzc5u
d1y7kmu|d1y82xg
d1y7kmu|d1y8de5
d1y7kmu|d1y9l2s
d1y7kmu|d1y8f6h
d1y7kmu|d1y8hvj
d1y7kmu|d1y8tsm
d1y7kmu|d1y9g9i
d1y7kmu|d1y9k59
d1y7kmu|d1yautq
d1y7kmu|d1yc5v5
d1y7kmu|d1ycgwq
d1y7kmu|d1yd4dy
d1y7kmu|d1yf8oi
d1y7kmu|d1yfi3g
d1y7kmu|d1yj5qr
d1y7kmu|d1z13c4
d1y8fsg|d1ychle
d1yctbx|d1ydckh
d1yef9h|d1yero7
d1yef9h|d1yg8v9
d1ymk1w|d1ymnfq
d1yl5xn|d1z86s9
d1y8q91|d1y8tn9
d1y79sf|d1y7zu3
d1y7ah6|d1y7n9g
d1y7so4|d1ybajx
d1y6vq6|d1y6w8c
d1y6vq6|d1y6z2t
d1ylghg|d1yltu4
d1ydb5r|d1ylxah
d1yckoc|d1yfh89
d1yg040|d1yskk0
d1ye7m9|d1yeyf8
d1ye6hl|d1yi1qi
d1ye6hl|d1yetxi
d1ye6hl|d1yeu1g
d1ye6hl|d1yerkz
d1yqjqe|d1z16cs
d1yfs8d|d1yt9um
d1yeemq|d1ysxyt
d1yi5z6|d1yt1kf
d1yexen|d1ytapd
d1y6z3y|d1y7vta
d1y6z3y|d1y9f0q
d1y6z3y|d1ycmtl
d1y6z3y|d1y71l2
d1y6z3y|d1y738n
d1y70h8|d1y7fdu
d1y70h8|d1y78v8
d1y70h8|d1y7w0r
d1y6o5x|d1y7964
d1ygebk|d1z5gmt
d1y70g0|d1y8qnz
d1zgel4|d8gkbyi
d1zru6u|d1zs339
d1zru6u|d207fyg
d1zru6u|d20svtb
d1zru6u|d2ziu5j
d1y9476|d1yfzen
d1yolpg|d1ytxs9
d1zbo0p|d1zke2k
d1yw07g|d1yx56g
d1y8sxa|d1y9bfb
d1y8sxa|d1ybjct
d1y8sxa|d1ydlz1
d1y8sxa|d1yev9d
d1y8sxa|d1ygmlu
d1y8sxa|d1yejxh
d1y8mjm|d1yb6f7
d1y8g1m|d1y8knb
d1y8dkn|d1y8ie5
d1yedqz|d1yjpxb
d1y8stk|d1y93zu
d1y8stk|d1yf63w
d1y8stk|d1y9069
d1y8stk|d1ychvq
d1y8stk|d1yfypp
d1y8stk|d1ykdyy
d1yryq6|d1ytbjn
d1yre5r|d1z7716
d1yybmw|d1z10k7
d1ye7oo|d1yfnvy
d1zjxd1|d1zkoea
d1zbb63|d1zd00c
d1yiabe|d1yjour
d1yjk19|d2pzek0
d1ya2sl|d1yb44t
d1ya2sl|d1yl1bi
d1ycogo|d1ydhaf
d1yavxm|d1yk16a
d1yavxm|d1ynfe8
d1y73ht|d1y779t
d1ygd52|d1ygge5
d1ynu78|d1zf80i
d1yg3l0|d1yi3lr
d1zfdxo|d1zlb94
d1zffwx|d20aujn
d1znut5|d1zpt9a
d1zez7f|d1zltvd
d1y8nk1|d1ya7g5
d1y8er3|d1y9rxo
d1y8er3|d1ya62m
d1yizf2|d1yusvz
d1yhunz|d1yj9sf
d1ygt32|d1yib61
d1ygt32|d1yiaoe
d1ygt32|d1yppiu
d1ygt32|d1ypzb2
d1y65wc|d1y86j4
d1y65wc|d1y7g09
d1y85w6|d1y8apn
d1y83pp|d1y8aik
d1y8god|d1yh723
d1y5xti|d1y86qe
d1y5xti|d1y66xp
d1yjo75|d1yo4gr
d1y72id|d1y7j4m
d1y72id|d1y844o
d1y72id|d1y9u6x
d1y606z|d1y6r2m
d1y6tsy|d1yc4xh
d1y6tsy|d1y74p7
d1y78wd|d1y7bp7
d1y6dsb|d1y6wxn
d1y687g|d1y78m8
d1z2yms|d1z9lxp
d1y5k9n|d1y7ghr
d1yahbm|d1ywkgi
d1yx1df|d1zjp2q
d1zfoj4|d1zv912
d1y698q|d1y6f2p
d1y698q|d1y6o5f
d1y5hm4|d1y60ax
d1y5hm4|d1y6ffe
d1y5hqs|d1y5n2t
d1y4gzg|d1y5d4s
d1y5wrl|d1y703j
d1y5wrl|d1y6zag
d1y5tpt|d1y6qd0
d1y5tpt|d1y66h9
d1y7eqq|d1y7vbp
d1y7oeh|d1ziv1d
d1y7oeh|d1zivse
d1yczoq|d1ydb9c
d1yczoq|d1yddfp
d1yczoq|d1ywd4b
d1yczoq|d1yd49a
d1yda6f|d1ylpfo
d1y7xr7|d1y8phu
d1y8r9c|d1y8xas
d1z4gy9|d1zc2m6
d1y70zw|d1y7dn7
d1yin79|d1yj8ep
d1yin79|d1yitd9
d1ymi9v|d1yml3y
d1z0ied|d1z7prn
d1ykvl4|d1yqxoh
d1ykb1c|d1yr7aa
d1yls3x|d1yxu22
d1xzp91|d1y0pym
d1y3xoi|d1y4z6s
d1z3eon|d1z3k8j
d1z3eon|d1zkpc2
d1yhn8z|d1zdgah
d1y8l3o|d1z6ktc
d1z6g6n|d1zsodo
d1ynzmx|d1zld6d
d1zemea|d20tovd
d1y6ntw|d1y7mfs
d1y5t26|d1y5we4
d1y7e5f|d1yblx2
d1y4k8f|d1y53vz
d1y4k8f|d1y4on0
d1y4bg7|d1y5cuo
d1y42cf|d1y4awc
d1y42cf|d1y4av1
d1y42cf|d1y4iik
d1y5jzr|d1y5r7o
d1y51pa|d1y57mk
d1y4zix|d1y532r
d1y6hcj|d1y6ny3
d1y4bkp|d1y4iou
d1y65vn|d1y6dxp
d1y5dg3|d1y5jxq
d1y4t22|d1y4xeo
d1y4kax|d1y5ibf
d1y4vjv|d1y54w8
d1y4g16|d1y4lsu
d1y4rk5|d1y50mn
d1y7exq|d1y7r8i
d1z2e2z|d1z3g21
d1z24y9|d1zg627
d1y4o3w|d1y4v3k
d1y77un|d1y7a5j
d1yer9l|d1yf2v9
d1y0v29|d1y0wqe
d1y4evv|d1y4wzq
d1y4evv|d1y56ww
d1y4evv|d1ycmeg
d1y4mhd|d1y6lr4
d1ycybg|d1ykg1r
d1ysnd8|d1yvd19
d1ysnd8|d1yvnev
d1y5edm|d1y7bda
d1y5edm|d1y73dn
d1y708t|d1y76og
d1y5hei|d1z9gb8
d1y63cg|d1y64qc
d1y6845|d1y6a3p
d1ybhr9|d1ybs5k
d1y1z7o|d1y6g8q
d1y1z7o|d1y633m
d1y5ovm|d1y72w9
d1y5ovm|d1y80gb
d1y5ovm|d1ybn2y
d1y5ovm|d1ydvru
d1y4nom|d1yzyaj
d1y2qah|d1yzt9f
d1y3m56|d1y4pwq
d1y5lvn|d1y79r5
d1y3sts|d1y3u06
d1y3mnj|d1y3nr6
d22h92g|d23g7s2
d1y1qt1|d1y40nu
d1yl36z|d1yoqiu
d2074ev|d20dwfp
d1yi8xl|d1yic74
d1yqr1i|d1yqymo
d1y82vk|d1y85j6
d1y3irj|d1y3p30
d1y3yzr|d1y40cu
d1y5vuz|d1y60u6
d1ya3i6|d1yag1w
d1ye54r|d1yk3y8
d1yemg9|d1yfksh
d7ou78y|d7ouept
d1y669r|d1y67pd
d1yib2t|d1yij9n
d1yj7tz|d1yjyhl
d1yk1zr|d1yn23y
d1yvwz8|d1z22r3
d3acqf8|d3adb41
d3acqf8|d3adbt9
d2bxcdi|d2bxv4p
d1ygz8r|d1yh8gd
d1yf6x7|d1yfkpo
d1yf6x7|d1ynzd5
d1yzc5u|d1z0lf1
d1y82xg|d1ydj8p
d1y8de5|d1ye927
d1y9l2s|d1y9r7c
d1y9l2s|d1ybcb9
d1y8f6h|d1yjx9g
d1y9g9i|d1y9oss
d1y9g9i|d1ye316
d1yj5qr|d1ykw9p
d1ychle|d1yehwr
d1ydckh|d1ydtru
d1yero7|d1ygymy
d1yg8v9|d1ygebj
d1y7zu3|d1y8aic
d1y7n9g|d1y7udf
d1y6w8c|d1y7mdh
d1y6w8c|d1y77s4
d1y6z2t|d1y7272
d1yi1qi|d20jay9
d1yetxi|d1yf1zf
d1yeu1g|d1yf01u
d1yeu1g|d1zeoi3
d1yerkz|d1yex3j
d1yt1kf|d1ywd4z
d1ytapd|d1z921n
d1y7vta|d1y80hx
d1y9f0q|d1yb6sl
d1ycmtl|d1yekje
d1y71l2|d1y72og
d1y738n|d1y75cw
d1y7fdu|d1y8p8u
d1y7w0r|d1y8nfi
d1z5gmt|d1zb08c
d1y8qnz|d1y8sc2
d1yfzen|d1ygvt7
d1ytxs9|d1z0mqk
d1yx56g|d1z2tza
d1y9bfb|d1ybh08
d1y9bfb|d1yfuwa
d1y9bfb|d1zqc0v
d1ygmlu|d1zgn7l
d1yb6f7|d1ydltz
d1y8knb|d1y8uww
d1y8ie5|d1y8n7x
d1y93zu|d1y99ms
d1yf63w|d1yhly9
d1yf63w|d1yi07x
d1yf63w|d1yjx09
d1yf63w|d1yrgsm
d1yfypp|d1yymaz
d1ytbjn|d1yzfg1
d1z10k7|d1z3d0a
d1yb44t|d1yb93k
d1yl1bi|d1zo0lu
d1ydhaf|d1ydtwn
d1ydhaf|d1yiohc
d1ydhaf|d1yipm0
d1yk16a|d1yyyzy
d1y779t|d1y838d
d1ygge5|d1ygmix
d20aujn|d20xajz
d1zltvd|d1zmtpc
d1ya7g5|d1ya8e4
d1y9rxo|d1y9tyo
d1yusvz|d1yy7o4
d1yj9sf|d1yky37
d1yib61|d1yklhl
d1yh723|d1yhpib
d1y86qe|d1y8ilo
d1y844o|d1ybqfq
d1y9u6x|d1ydl8x
d1y6r2m|d1y7hfn
d1y74p7|d1y75z3
d1y7bp7|d1y7n7e
d1y78m8|d1y7oxb
d1z9lxp|d1zakka
d1zv912|d1zwgnr
d1y6f2p|d1y7oyb
d1y60ax|d1y6lgt
d1y6ffe|d1y7mwo
d1y6ffe|d1y8dt1
d1y703j|d1y7eg4
d1y6qd0|d1y70yt
d1y6qd0|d1y70u5
d1y6qd0|d1y77h4
d1y66h9|d1y67mn
d1ziv1d|d1zjer6
d1yd49a|d1yg7ui
d1zc2m6|d1zcbmo
d1y7dn7|d1y7f9i
d1z7prn|d1z848p
d1yqxoh|d1z2r2s
d1yr7aa|d1z2st0
d1yxu22|d1z2yws
d1y0pym|d1y0t40
d1z3k8j|d1z3npm
d1zdgah|d1ze5aq
d1zsodo|d20ezg9
d1zld6d|d1zzzp9
d20tovd|d20v6ng
d1y53vz|d1y5cyi
d1y4awc|d1y4oyj
d1y4awc|d1y647a
d1y4awc|d1y5gvm
d1y4av1|d1y4kiy
d1y4av1|d1y4q2g
d1y4av1|d1y5pj0
d1y5r7o|d1ygofm
d1y532r|d46a8sz
d1y6ny3|d1y71ge
d1y5jxq|d1y5zdr
d1y4xeo|d1y5559
d1y54w8|d1y582g
d1y4lsu|d1y4pum
d1y7r8i|d1y7sex
d1z3g21|d20emq9
d1zg627|d20ee3o
d1y4v3k|d1y5044
d1y7a5j|d1y7bib
d1y0wqe|d1y1xov
d1y4wzq|d1y6cmr
d1y4wzq|d1y6pvg
d1y4wzq|d1ycdg3
d1y4wzq|d1yf9hd
d1y6lr4|d1y7x3m
d1ykg1r|d1yl70b
d1yvd19|d1zfw5a
d1z9gb8|d1zdd6w
d1y6a3p|d1ycwsj
d1y6a3p|d1y73b7
d1y6a3p|d1y73is
d1y6g8q|d1y6pxi
d1y6g8q|d1y716u
d1y80gb|d1ybska
d1ybn2y|d1ybpob
d1yzyaj|d20q9yh
d1yzt9f|d1za55p
d1y4pwq|d1y5hw9
d1y3nr6|d1y7svx
d1yoqiu|d1yrcd5
d1yic74|d1yka5s
d1y85j6|d1y8hct
d1y3p30|d1y7nqk
d1y3p30|d1y89ka
d1y40cu|d1y443r
d1y60u6|d1y63ao
d1yk3y8|d1ys448
d1z22r3|d1zv7ax
d2bxv4p|d2bzoi4
d1ynzd5|d1yufof
d1ydj8p|d1ydtcy
d1ye927|d1yezux
d1y9r7c|d1yb3ae
d1ybcb9|d1zhzpq
d1ybcb9|d28h6eh
d1yehwr|d1z7jgj
d1ygymy|d1ypdjo
d1y8aic|d1y965r
d1y7udf|d1y7wuh
d1y7mdh|d1yb9nt
d1y77s4|d1y7a1j
d1y7272|d1y74d6
d1yf1zf|d1yg4y9
d1yf1zf|d1yf6vk
d1yf1zf|d1yi1dw
d1yf1zf|d1yodow
d1yf1zf|d1yfmxo
d1yf1zf|d1yfbpm
d1yf01u|d1yf7g8
d1yf01u|d1yoagg
d1yex3j|d1yf5qi
d1yex3j|d1yl5sn
d1yex3j|d1z9wgn
d1yex3j|d1yo5m9
d1y80hx|d1y9feq
d1yekje|d1ysonu
d1y72og|d1y7dac
d1y8p8u|d1ykegx
d1y8sc2|d1ypver
d1z0mqk|d1z0r86
d1ybh08|d1yf3dy
d1ybh08|d1z5yak
d1ybh08|d1yok4h
d1yfuwa|d1yk892
d1y8uww|d1y8x0m
d1y8n7x|d1y8pbt
d1y99ms|d1y9ewf
d1yi07x|d1yj5yz
d1yjx09|d1yld07
d1yzfg1|d1z01yw
d1z3d0a|d205p25
d1yyyzy|d1yzfmc
d20xajz|d20ycaj
d1ya8e4|d1ya8st
d1y9tyo|d1y9vgh
d1yklhl|d1ylf7y
d1ybqfq|d1yie1f
d1y7oxb|d1y7wtg
d1zakka|d1zaxkc
d1y7oyb|d1y8aoy
d1y7oyb|d1y7sy6
d1y6lgt|d1y6txv
d1y7eg4|d1y7sj4
d1y70u5|d1y7dl6
d1y77h4|d1y7deh
d1zjer6|d1zjt02
d1yg7ui|d1yj98m
d1zcbmo|d1zcf1w
d1y7f9i|d1y8i4z
d1z2st0|d1zct7o
d1y0t40|d1y0x33
d1y0t40|d1y2xsd
d1zzzp9|d20y7eh
d1y5cyi|d1y5fuw
d1y4oyj|d1y51qx
d1y647a|d1y7a36
d1y4kiy|d1y4xrq
d1y4q2g|d1y4txo
d1y5pj0|d1y5v8l
d1y71ge|d1yh105
d1y5zdr|d1y6fn6
d1y5559|d1y5716
d1y582g|d1y5csf
d1y4pum|d1y4rpk
d1y7sex|d1y7xf4
d1y7bib|d1y7dn3
d1y1xov|d1y20je
d1y6cmr|d1y6m52
d1y6cmr|d1y6g3x
d1y6cmr|d1yf8l6
d1y6cmr|d2mu07a
d1y6pvg|d1y7w6g
d1y7x3m|d1yfafj
d1yl70b|d1ymmfn
d1y73is|d1y7685
d1y73is|d1y78hq
d1y6pxi|d1y6xoq
d1yrcd5|d1yrr96
d1yka5s|d1yopxc
d1y8hct|d1y8kma
d1y7nqk|d1y7qtk
d1y89ka|d1y8cve
d1y443r|d1y458i
d1y63ao|d1y6626
d2bzoi4|d2c27hh
d1zhzpq|d1znrmc
d1z7jgj|d1z83hy
d1y7wuh|d1ycc0o
d1y74d6|d1y7cy9
d1y74d6|d1y81gz
d1y74d6|d1y8146
d1y74d6|d1y7o9z
d1yg4y9|d1ygfor
d1yf6vk|d1yif3i
d1yi1dw|d20j8rr
d1yodow|d20ihjn
d1yfbpm|d1yffdh
d1yf7g8|d1yfxw0
d1yf7g8|d1yfb5n
d1yoagg|d20ikvx
d1yf5qi|d1yfebl
d1yl5sn|d20izdj
d1z9wgn|d20ifwq
d1yo5m9|d20ipe4
d1ysonu|d1yu2re
d1y7dac|d1y7ga2
d1y8x0m|d1y9gz6
d1y8pbt|d1y8w5c
d1y9ewf|d1y9sxe
d1y9ewf|d1ycf02
d1yj5yz|d1yjrdc
d1yj5yz|d1ykd4w
d1yld07|d1ylobw
d1z01yw|d1z3mna
d205p25|d208mjs
d1yzfmc|d1z1pg0
d1ya8st|d1yaetg
d1y9vgh|d1y9wzt
d1ylf7y|d1yoqh4
d1zaxkc|d1znoxe
d1y6txv|d1y84vo
d1y7dl6|d1y7ms8
d1y7dl6|d1y7k03
d1y7deh|d1y7fkb
d1y2xsd|d1y3fqu
d1y2xsd|d1y7163
d1y5fuw|d1y5iol
d1y51qx|d1y5kki
d1y7a36|d1y8htp
d1y4txo|d1yplsx
d1y5v8l|d1y5zhi
d1y6fn6|d1y6lkm
d1y7xf4|d1ywwwr
d1y20je|d1y2ro0
d1y6m52|d1y6n5j
d1y6g3x|d1y6qpx
d1y6g3x|d1ydu24
d1y6g3x|d1y6jp6
d1yf8l6|d1yfkt5
d1y7w6g|d1y7y8u
d1ymmfn|d1yo24m
d1y6xoq|d1z2co2
d1yrr96|d1ysfdi
d1y8kma|d1y95ac
d1y458i|d1y48gw
d1y6626|d1y67as
d2c27hh|d2c7rot
d1ycc0o|d1yfmua
d1y7cy9|d1y7oa8
d1y7cy9|d1y8q2c
d1y81gz|d1y8n3y
d1y8146|d1y8l1i
d1y7o9z|d1y7zfz
d1y7o9z|d1y8onh
d1ygfor|d1yh7xt
d20j8rr|d22ra4j
d1yffdh|d1yftpk
d1yffdh|d243sxv
d20ikvx|d21j863
d1yfebl|d1yi3mv
d1yfebl|d1yhr8j
d1yfebl|d1yl7xo
d1yfebl|d1yfoqo
d1yfebl|d1ylw73
d20ipe4|d21jc5k
d1yu2re|d1yuh2d
d1y7ga2|d1y7mc4
d1y9gz6|d1y9l3e
d1y8w5c|d1yj5ms
d1ycf02|d1ygz69
d1ycf02|d1ytan9
d1yjrdc|d1ykf11
d1ykd4w|d1ykovm
d1ylobw|d1ylzjb
d1z3mna|d1z3wd0
d208mjs|d21h6fg
d1yaetg|d1yafmm
d1y9wzt|d1yad8v
d1y84vo|d1y8a0o
d1y7ms8|d1y7twx
d1y7k03|d74rd9y
d1y5iol|d1y5psf
d1yplsx|d1yt67i
d1y6qpx|d1y72tb
d1ydu24|d1ygneo
d1y6jp6|d1y73rp
d1y6jp6|d4cfp0v
d1yfkt5|d1yfxma
d1yo24m|d1yoko1
d1y95ac|d1y99mm
d1y48gw|d1y4kaf
d1y48gw|d1y63rb
d1y67as|d1y6875
d2c7rot|d2c8ei0
d1y7oa8|d1y8kvs
d1y8n3y|d1y8yul
d1y7zfz|d1y8oi2
d1y7zfz|d1yallk
d1y8onh|d1ya744
d1yftpk|d1yfvth
d1yi3mv|d20j4vn
d1yi3mv|d20j5zh
d1yl7xo|d20ix81
d1ylw73|d20ivuh
d1yuh2d|d1yumwb
d1y7mc4|d1y7sbr
d1y9l3e|d1y9yag
d1ytan9|d1yue06
d1ykf11|d1ykqgq
d1ykovm|d1yl2qh
d1ylzjb|d1yn4qz
d21h6fg|d21kneg
d74rd9y|d74rf7b
d1y5psf|d1y5tv2
d1yt67i|d1yu1rv
d1y72tb|d1y7mw0
d1ygneo|d1yhq79
d1y73rp|d1y758l
d1y73rp|d1y9e3o
d1yoko1|d1ywvcl
d1y99mm|d1y9eqk
d1y4kaf|d1y4ofb
d1y6875|d1y6ei9
d2c8ei0|d2c8sz8
d1y8yul|d1y9fpi
d1y8oi2|d1y9yy8
d1ya744|d1ya8t5
d20j5zh|d20nepf
d1yumwb|d21b2tb
d1yue06|d1z776b
d1ykqgq|d1yl2ff
d1yl2qh|d1yl7hh
d21kneg|d22q4b3
d74rf7b|d74rfmh
d1yu1rv|d1ywwr7
d1yhq79|d1yptms
d1y9e3o|d1ygouy
d1y9eqk|d1y9hkc
d2c8sz8|d2c925v
d1y9yy8|d1ya2bc
d1ya8t5|d1yaku6
d20nepf|d23muxh
d21b2tb|d21fpgt
d1z776b|d1zk44m
d1yl2ff|d1ylbcu
d1yl7hh|d1ylhyi
d1ywwr7|d1yy7i6
d1y9hkc|d1yaela
d1yaku6|d1yb14k
d21fpgt|d21jkwb
d1zk44m|d20qzv6
d1ylbcu|d1ylpha
d1yy7i6|d1yywft
d1yb14k|d1zbmil
d20qzv6|d21qdci
d20qzv6|d22g931
d1ylpha|d1ym4xi
d1zbmil|d1ziiuq
d21qdci|d228xfm
d22g931|d2305pc
d1ym4xi|d1yml31
d228xfm|d22e1m1
d228xfm|d22g33d
d1yml31|d1yn3ct
d22e1m1|d2306qb
d22g33d|d23068u
d1yn3ct|d1ynfw3
d2306qb|d230hti
d1ynfw3|d1yo2s2
d230hti|d2386ao
d2386ao|d23dyg2
d23dyg2|d23o4af
d1y6p54|d1y6umf
d1y6p54|d1yeg8w
d1y6p54|d1y6zt9
d1y6p54|d1y7b69
d1y6p54|d1y71gc
d1y6p54|d1y6um6
d1y6p54|d1y8c92
d1y6p54|d1y8spz
d1y6p54|d1y8u15
d1y6p54|d1y9alp
d1y6p54|d1ybbzg
d1y6p54|d1ybfvv
d1y6p54|d1ycdz9
d1y6p54|d1ycfoa
d1y6p54|d1ycgvk
d1y6p54|d1ycwi2
d1y6p54|d1yegmi
d1y6p54|d1yewnq
d1y6p54|d1yfkw2
d1y6p54|d1ygqdb
d1y6p54|d1yh1lc
d1y6p54|d1yi875
d1y6p54|d1yibu7
d1y6p54|d1yinvi
d1y6p54|d1ylecp
d1y6p54|d1ylhos
d1y6p54|d1z0e46
d1y6p54|d1z506u
d1y6p54|d1z6fya
d1y6p54|d1z6h52
d1y6p54|d1z9nb5
d1y6p54|d1zbepz
d1y6p54|d1y790s
d1y6p54|d1yadnq
d1y6p54|d1yb5nc
d1y6p54|d1ycmgk
d1y6p54|d1ygt5m
d1y6p54|d1yh7j8
d1y6umf|d1y8g9a
d1y6umf|d1ykyvc
d1y7b69|d1y7t5y
d1y7b69|d1y7llv
d1y7t5y|d1y7w4i
d1y7llv|d1y7mk2
d1y7w4i|d1y81gb
d1y7mk2|d1y88sb
d1y81gb|d1y82ur
d1y82ur|d1y8509
